,Unnamed: 0,state,county,1st,2nd,3rd,votes1,votes2,votes3,pct1,pct2,pct3,party1,party2,party3,Abbreviation,FIPS
0,0,Alabama,Autauga,Bush,Gore,Others,11993,4942,273.0,69.69,28.72,1.59,R,D,O,AL,1001.0
1,1,Alabama,Baldwin,Bush,Gore,Others,40872,13997,1611.0,72.37,24.78,2.85,R,D,O,AL,1003.0
2,2,Alabama,Barbour,Gore,Bush,Others,2197,1860,59.0,53.38,45.19,1.43,D,R,O,AL,1005.0
3,3,Alabama,Bibb,Bush,Gore,Others,4273,2710,118.0,60.17,38.16,1.66,R,D,O,AL,1007.0
4,4,Alabama,Blount,Bush,Gore,Others,12667,4977,329.0,70.48,27.69,1.83,R,D,O,AL,1009.0
5,5,Alabama,Bullock,Gore,Bush,Others,3395,1433,76.0,69.23,29.22,1.55,D,R,O,AL,1011.0
6,6,Alabama,Butler,Bush,Gore,Others,4127,3606,70.0,52.89,46.21,0.9,R,D,O,AL,1013.0
7,7,Alabama,Calhoun,Bush,Gore,Others,22306,15781,822.0,57.33,40.56,2.11,R,D,O,AL,1015.0
8,8,Alabama,Chambers,Bush,Gore,Others,6037,5616,181.0,51.01,47.46,1.53,R,D,O,AL,1017.0
9,9,Alabama,Cherokee,Bush,Gore,Others,4154,3497,172.0,53.1,44.7,2.2,R,D,O,AL,1019.0
10,10,Alabama,Chilton,Bush,Gore,Others,10066,4806,220.0,66.7,31.84,1.46,R,D,O,AL,1021.0
11,11,Alabama,Choctaw,Gore,Bush,Others,3707,3600,67.0,50.27,48.82,0.91,D,R,O,AL,1023.0
12,12,Alabama,Clarke,Bush,Gore,Others,5988,4679,85.0,55.69,43.52,0.79,R,D,O,AL,1025.0
13,13,Alabama,Clay,Bush,Gore,Others,3719,2045,119.0,63.22,34.76,2.02,R,D,O,AL,1027.0
14,14,Alabama,Cleburne,Bush,Gore,Others,3333,1664,95.0,65.46,32.68,1.87,R,D,O,AL,1029.0
15,15,Alabama,Coffee,Bush,Gore,Others,9938,5220,276.0,64.39,33.82,1.79,R,D,O,AL,1031.0
16,16,Alabama,Colbert,Gore,Bush,Others,10543,10518,471.0,48.96,48.85,2.19,D,R,O,AL,1033.0
17,17,Alabama,Conecuh,Gore,Bush,Others,2783,2699,69.0,50.14,48.62,1.24,D,R,O,AL,1035.0
18,18,Alabama,Coosa,Bush,Gore,Others,2382,2104,81.0,52.16,46.07,1.77,R,D,O,AL,1037.0
19,19,Alabama,Covington,Bush,Gore,Others,8961,4440,212.0,65.83,32.62,1.56,R,D,O,AL,1039.0
20,20,Alabama,Crenshaw,Bush,Gore,Others,2793,1934,68.0,58.25,40.33,1.42,R,D,O,AL,1041.0
21,21,Alabama,Cullman,Bush,Gore,Others,19157,9758,610.0,64.88,33.05,2.07,R,D,O,AL,1043.0
22,22,Alabama,Dale,Bush,Gore,Others,10593,4906,307.0,67.02,31.04,1.94,R,D,O,AL,1045.0
23,23,Alabama,Dallas,Gore,Bush,Others,10967,7360,137.0,59.4,39.86,0.74,D,R,O,AL,1047.0
24,24,Alabama,DeKalb,Bush,Gore,Others,12827,7056,402.0,63.23,34.78,1.98,R,D,O,AL,1049.0
25,25,Alabama,Elmore,Bush,Gore,Others,16777,6652,375.0,70.48,27.94,1.58,R,D,O,AL,1051.0
26,26,Alabama,Escambia,Bush,Gore,Others,6975,4523,162.0,59.82,38.79,1.39,R,D,O,AL,1053.0
27,27,Alabama,Etowah,Bush,Gore,Others,21087,17433,828.0,53.59,44.3,2.1,R,D,O,AL,1055.0
28,28,Alabama,Fayette,Bush,Gore,Others,4582,3064,162.0,58.68,39.24,2.07,R,D,O,AL,1057.0
29,29,Alabama,Franklin,Bush,Gore,Others,6119,4793,191.0,55.11,43.17,1.72,R,D,O,AL,1059.0
30,30,Alabama,Geneva,Bush,Gore,Others,6588,2769,202.0,68.92,28.97,2.11,R,D,O,AL,1061.0
31,31,Alabama,Greene,Gore,Bush,Others,3504,850,42.0,79.71,19.34,0.96,D,R,O,AL,1063.0
32,32,Alabama,Hale,Gore,Bush,Others,4652,2984,95.0,60.17,38.6,1.23,D,R,O,AL,1065.0
33,33,Alabama,Henry,Bush,Gore,Others,4054,2782,96.0,58.48,40.13,1.38,R,D,O,AL,1067.0
34,34,Alabama,Houston,Bush,Gore,Others,22150,9412,495.0,69.1,29.36,1.54,R,D,O,AL,1069.0
35,35,Alabama,Jackson,Gore,Bush,Others,9066,8475,365.0,50.63,47.33,2.04,D,R,O,AL,1071.0
36,36,Alabama,Jefferson,Bush,Gore,Others,138491,129889,5383.0,50.59,47.45,1.97,R,D,O,AL,1073.0
37,37,Alabama,Lamar,Bush,Gore,Others,4470,2653,126.0,61.66,36.6,1.74,R,D,O,AL,1075.0
38,38,Alabama,Lauderdale,Bush,Gore,Others,17478,13875,784.0,54.39,43.17,2.44,R,D,O,AL,1077.0
39,39,Alabama,Lawrence,Gore,Bush,Others,6296,5671,218.0,51.67,46.54,1.79,D,R,O,AL,1079.0
40,40,Alabama,Lee,Bush,Gore,Others,22433,14574,1257.0,58.63,38.09,3.29,R,D,O,AL,1081.0
41,41,Alabama,Limestone,Bush,Gore,Others,14204,8992,438.0,60.1,38.05,1.85,R,D,O,AL,1083.0
42,42,Alabama,Lowndes,Gore,Bush,Others,4557,1638,48.0,72.99,26.24,0.77,D,R,O,AL,1085.0
43,43,Alabama,Macon,Gore,Bush,Others,7665,1091,75.0,86.8,12.35,0.85,D,R,O,AL,1087.0
44,44,Alabama,Madison,Bush,Gore,Others,62151,48199,2968.0,54.85,42.53,2.62,R,D,O,AL,1089.0
45,45,Alabama,Marengo,Gore,Bush,Others,4841,4690,77.0,50.39,48.81,0.8,D,R,O,AL,1091.0
46,46,Alabama,Marion,Bush,Gore,Others,6910,4600,246.0,58.78,39.13,2.09,R,D,O,AL,1093.0
47,47,Alabama,Marshall,Bush,Gore,Others,17084,10381,524.0,61.04,37.09,1.87,R,D,O,AL,1095.0
48,48,Alabama,Mobile,Bush,Gore,Others,78162,58640,2943.0,55.93,41.96,2.11,R,D,O,AL,1097.0
49,49,Alabama,Monroe,Bush,Gore,Others,5153,3741,57.0,57.57,41.79,0.64,R,D,O,AL,1099.0
50,50,Alabama,Montgomery,Gore,Bush,Others,40371,38827,1130.0,50.26,48.34,1.41,D,R,O,AL,1101.0
51,51,Alabama,Morgan,Bush,Gore,Others,25774,16060,847.0,60.39,37.63,1.98,R,D,O,AL,1103.0
52,52,Alabama,Perry,Gore,Bush,Others,4020,1732,35.0,69.47,29.93,0.6,D,R,O,AL,1105.0
53,53,Alabama,Pickens,Bush,Gore,Others,4306,4143,91.0,50.42,48.51,1.07,R,D,O,AL,1107.0
54,54,Alabama,Pike,Bush,Gore,Others,6058,4357,129.0,57.45,41.32,1.22,R,D,O,AL,1109.0
55,55,Alabama,Randolph,Bush,Gore,Others,4666,3094,159.0,58.92,39.07,2.01,R,D,O,AL,1111.0
56,56,Alabama,Russell,Gore,Bush,Others,8396,6198,181.0,56.83,41.95,1.23,D,R,O,AL,1113.0
57,57,Alabama,Shelby,Bush,Gore,Others,47651,13183,1294.0,76.7,21.22,2.08,R,D,O,AL,1117.0
58,58,Alabama,St. Clair,Bush,Gore,Others,17117,6485,488.0,71.05,26.92,2.03,R,D,O,AL,1115.0
59,59,Alabama,Sumter,Gore,Bush,Others,4415,1629,44.0,72.52,26.76,0.72,D,R,O,AL,1119.0
60,60,Alabama,Talladega,Bush,Gore,Others,13807,11264,380.0,54.25,44.26,1.49,R,D,O,AL,1121.0
61,61,Alabama,Tallapoosa,Bush,Gore,Others,9805,6183,265.0,60.33,38.04,1.63,R,D,O,AL,1123.0
62,62,Alabama,Tuscaloosa,Bush,Gore,Others,34003,24614,1497.0,56.56,40.95,2.49,R,D,O,AL,1125.0
63,63,Alabama,Walker,Bush,Gore,Others,13486,11621,534.0,52.6,45.32,2.08,R,D,O,AL,1127.0
64,64,Alabama,Washington,Bush,Gore,Others,4117,3386,93.0,54.2,44.58,1.22,R,D,O,AL,1129.0
65,65,Alabama,Wilcox,Gore,Bush,Others,3444,1661,21.0,67.19,32.4,0.41,D,R,O,AL,1131.0
66,66,Alabama,Winston,Bush,Gore,Others,6413,2692,213.0,68.82,28.89,2.29,R,D,O,AL,1133.0
67,67,Arizona,Apache,Gore,Bush,Others,13025,5947,484.0,67.0,30.6,2.4,D,R,O,AZ,4001.0
68,68,Arizona,Cochise,Bush,Gore,Others,18180,13360,1701.0,54.7,40.2,5.1,R,D,O,AZ,4003.0
69,69,Arizona,Coconino,Gore,Bush,Others,20280,17562,3041.0,49.6,43.0,6.4,D,R,O,AZ,4005.0
70,70,Arizona,Gila,Bush,Gore,Others,9158,7700,878.0,51.6,43.4,5.0,R,D,O,AZ,4007.0
71,71,Arizona,Graham,Bush,Gore,Others,6007,3355,302.0,62.2,34.7,3.1,R,D,O,AZ,4009.0
72,72,Arizona,Greenlee,Bush,Gore,Others,1619,1216,125.0,54.7,41.1,4.2,R,D,O,AZ,4011.0
73,73,Arizona,La Paz,Bush,Gore,Others,2543,1769,171.0,56.7,39.5,3.8,R,D,O,AZ,4012.0
74,74,Arizona,Maricopa,Bush,Gore,Others,479967,386683,35049.0,53.2,42.9,3.9,R,D,O,AZ,4013.0
75,75,Arizona,Mohave,Bush,Gore,Others,24386,17470,2285.0,55.3,39.6,5.1,R,D,O,AZ,4015.0
76,76,Arizona,Navajo,Bush,Gore,Others,12386,11794,926.0,49.3,46.9,3.8,R,D,O,AZ,4017.0
77,77,Arizona,Pima,Gore,Bush,Others,147688,124579,15373.0,51.3,43.3,5.2,D,R,O,AZ,4019.0
78,78,Arizona,Pinal,Bush,Gore,Others,20122,19650,1518.0,48.7,47.6,3.7,R,D,O,AZ,4021.0
79,79,Arizona,Santa Cruz,Gore,Bush,Others,5233,3344,101.0,58.8,37.6,0.8,D,R,O,AZ,4023.0
80,80,Arizona,Yavapai,Bush,Gore,Others,40144,24063,3875.0,58.9,35.3,5.7,R,D,O,AZ,4025.0
81,81,Arizona,Yuma,Bush,Gore,Others,15708,12055,889.0,54.8,42.1,3.1,R,D,O,AZ,4027.0
82,82,Arkansas,Arkansas,Bush,Gore,Others,3353,2877,142.0,52.62,45.15,2.23,R,D,O,AR,5001.0
83,83,Arkansas,Ashley,Gore,Bush,Others,4253,3876,142.0,51.42,46.86,1.72,D,R,O,AR,5003.0
84,84,Arkansas,Baxter,Bush,Gore,Others,9538,6516,654.0,57.09,39.0,3.92,R,D,O,AR,5005.0
85,85,Arkansas,Benton,Bush,Gore,Others,34838,17277,1531.0,64.94,32.21,2.86,R,D,O,AR,5007.0
86,86,Arkansas,Boone,Bush,Gore,Others,8569,4493,573.0,62.85,32.95,4.2,R,D,O,AR,5009.0
87,87,Arkansas,Bradley,Gore,Bush,Others,2122,1793,64.0,53.33,45.06,1.61,D,R,O,AR,5011.0
88,88,Arkansas,Calhoun,Bush,Gore,Others,1128,1017,40.0,51.62,46.54,1.83,R,D,O,AR,5013.0
89,89,Arkansas,Carroll,Bush,Gore,Others,5556,3595,439.0,57.94,37.49,4.58,R,D,O,AR,5015.0
90,90,Arkansas,Chicot,Gore,Bush,Others,2820,1564,68.0,63.34,35.13,1.52,D,R,O,AR,5017.0
91,91,Arkansas,Clark,Gore,Bush,Others,4661,3776,189.0,54.03,43.77,2.19,D,R,O,AR,5019.0
92,92,Arkansas,Clay,Gore,Bush,Others,3527,2254,119.0,59.78,38.2,2.02,D,R,O,AR,5021.0
93,93,Arkansas,Cleburne,Bush,Gore,Others,5730,4120,357.0,56.14,40.36,3.5,R,D,O,AR,5023.0
94,94,Arkansas,Cleveland,Bush,Gore,Others,1678,1414,89.0,52.75,44.45,2.79,R,D,O,AR,5025.0
95,95,Arkansas,Columbia,Bush,Gore,Others,5018,4003,286.0,53.92,43.01,3.07,R,D,O,AR,5027.0
96,96,Arkansas,Conway,Bush,Gore,Others,3545,3496,193.0,49.0,48.33,2.67,R,D,O,AR,5029.0
97,97,Arkansas,Craighead,Gore,Bush,Others,12376,12158,623.0,49.2,48.33,2.48,D,R,O,AR,5031.0
98,98,Arkansas,Crawford,Bush,Gore,Others,10804,6288,533.0,61.3,35.68,3.03,R,D,O,AR,5033.0
99,99,Arkansas,Crittenden,Gore,Bush,Others,7224,5857,153.0,54.59,44.26,1.15,D,R,O,AR,5035.0
100,100,Arkansas,Cross,Gore,Bush,Others,3096,3033,86.0,49.81,48.8,1.38,D,R,O,AR,5037.0
101,101,Arkansas,Dallas,Gore,Bush,Others,1710,1571,44.0,51.43,47.25,1.32,D,R,O,AR,5039.0
102,102,Arkansas,Desha,Gore,Bush,Others,2776,1603,116.0,61.76,35.66,2.58,D,R,O,AR,5041.0
103,103,Arkansas,Drew,Gore,Bush,Others,3060,2756,106.0,51.67,46.54,1.78,D,R,O,AR,5043.0
104,104,Arkansas,Faulkner,Bush,Gore,Others,16055,11950,1211.0,54.95,40.9,4.14,R,D,O,AR,5045.0
105,105,Arkansas,Franklin,Bush,Gore,Others,3277,2674,189.0,53.37,43.55,3.08,R,D,O,AR,5047.0
106,106,Arkansas,Fulton,Bush,Gore,Others,2036,1976,96.0,49.56,48.1,2.34,R,D,O,AR,5049.0
107,107,Arkansas,Garland,Bush,Gore,Others,19098,15840,997.0,53.15,44.08,2.79,R,D,O,AR,5051.0
108,108,Arkansas,Grant,Bush,Gore,Others,3285,2535,193.0,54.63,42.16,3.21,R,D,O,AR,5053.0
109,109,Arkansas,Greene,Gore,Bush,Others,6319,5831,334.0,50.62,46.71,2.67,D,R,O,AR,5055.0
110,110,Arkansas,Hempstead,Gore,Bush,Others,3937,3257,95.0,54.01,44.68,1.31,D,R,O,AR,5057.0
111,111,Arkansas,Hot Spring,Gore,Bush,Others,5527,5042,412.0,50.33,45.92,3.75,D,R,O,AR,5059.0
112,112,Arkansas,Howard,Bush,Gore,Others,2326,2063,70.0,52.16,46.27,1.57,R,D,O,AR,5061.0
113,113,Arkansas,Independence,Bush,Gore,Others,6145,5146,303.0,53.0,44.39,2.61,R,D,O,AR,5063.0
114,114,Arkansas,Izard,Gore,Bush,Others,2587,2301,144.0,51.41,45.73,2.86,D,R,O,AR,5065.0
115,115,Arkansas,Jackson,Gore,Bush,Others,3651,2280,141.0,60.13,37.55,2.33,D,R,O,AR,5067.0
116,116,Arkansas,Jefferson,Gore,Bush,Others,17716,8765,720.0,65.13,32.22,2.64,D,R,O,AR,5069.0
117,117,Arkansas,Johnson,Bush,Gore,Others,3657,3270,234.0,51.07,45.66,3.27,R,D,O,AR,5071.0
118,118,Arkansas,Lafayette,Gore,Bush,Others,1806,1538,39.0,53.38,45.46,1.15,D,R,O,AR,5073.0
119,119,Arkansas,Lawrence,Gore,Bush,Others,3255,2626,159.0,53.89,43.48,2.63,D,R,O,AR,5075.0
120,120,Arkansas,Lee,Gore,Bush,Others,2727,1351,43.0,66.17,32.78,1.05,D,R,O,AR,5077.0
121,121,Arkansas,Lincoln,Gore,Bush,Others,1957,1526,63.0,55.19,43.03,1.78,D,R,O,AR,5079.0
122,122,Arkansas,Little River,Gore,Bush,Others,2883,2283,97.0,54.78,43.38,1.84,D,R,O,AR,5081.0
123,123,Arkansas,Logan,Bush,Gore,Others,4487,3283,326.0,55.42,40.55,4.03,R,D,O,AR,5083.0
124,124,Arkansas,Lonoke,Bush,Gore,Others,10606,6851,486.0,59.11,38.18,2.71,R,D,O,AR,5085.0
125,125,Arkansas,Madison,Bush,Gore,Others,3387,2055,186.0,60.18,36.51,3.3,R,D,O,AR,5087.0
126,126,Arkansas,Marion,Bush,Gore,Others,3402,2233,380.0,56.56,37.12,6.32,R,D,O,AR,5089.0
127,127,Arkansas,Miller,Bush,Gore,Others,7276,6278,191.0,52.94,45.67,1.39,R,D,O,AR,5091.0
128,128,Arkansas,Mississippi,Gore,Bush,Others,7107,5199,280.0,56.47,41.31,2.22,D,R,O,AR,5093.0
129,129,Arkansas,Monroe,Gore,Bush,Others,1910,1329,54.0,58.0,40.36,1.64,D,R,O,AR,5095.0
130,130,Arkansas,Montgomery,Bush,Gore,Others,2128,1438,173.0,56.91,38.46,4.62,R,D,O,AR,5097.0
131,131,Arkansas,Nevada,Gore,Bush,Others,1867,1796,75.0,49.95,48.05,2.0,D,R,O,AR,5099.0
132,132,Arkansas,Newton,Bush,Gore,Others,2529,1205,193.0,64.4,30.69,4.91,R,D,O,AR,5101.0
133,133,Arkansas,Ouachita,Gore,Bush,Others,5464,4739,192.0,52.56,45.59,1.85,D,R,O,AR,5103.0
134,134,Arkansas,Perry,Bush,Gore,Others,2114,1648,245.0,52.76,41.13,6.1,R,D,O,AR,5105.0
135,135,Arkansas,Phillips,Gore,Bush,Others,6018,3154,141.0,64.62,33.87,1.52,D,R,O,AR,5107.0
136,136,Arkansas,Pike,Bush,Gore,Others,2275,1604,92.0,57.29,40.39,2.32,R,D,O,AR,5109.0
137,137,Arkansas,Poinsett,Gore,Bush,Others,4102,2988,145.0,56.7,41.3,2.0,D,R,O,AR,5111.0
138,138,Arkansas,Polk,Bush,Gore,Others,4600,2315,278.0,63.95,32.18,3.86,R,D,O,AR,5113.0
139,139,Arkansas,Pope,Bush,Gore,Others,11244,6669,509.0,61.04,36.2,2.77,R,D,O,AR,5115.0
140,140,Arkansas,Prairie,Bush,Gore,Others,1862,1563,82.0,53.09,44.57,2.34,R,D,O,AR,5117.0
141,141,Arkansas,Pulaski,Gore,Bush,Others,68320,55866,2965.0,53.73,43.94,2.34,D,R,O,AR,5119.0
142,142,Arkansas,Randolph,Gore,Bush,Others,3019,2673,185.0,51.37,45.48,3.15,D,R,O,AR,5121.0
143,143,Arkansas,St. Francis,Gore,Bush,Others,4986,3414,96.0,58.69,40.18,1.13,D,R,O,AR,5123.0
144,144,Arkansas,Saline,Bush,Gore,Others,18617,12700,1074.0,57.48,39.21,3.32,R,D,O,AR,5125.0
145,145,Arkansas,Scott,Bush,Gore,Others,2399,1444,138.0,60.26,36.27,3.47,R,D,O,AR,5127.0
146,146,Arkansas,Searcy,Bush,Gore,Others,2610,1229,219.0,64.32,30.29,5.41,R,D,O,AR,5129.0
147,147,Arkansas,Sebastian,Bush,Gore,Others,23483,15555,1121.0,58.48,38.73,2.78,R,D,O,AR,5131.0
148,148,Arkansas,Sevier,Bush,Gore,Others,2111,2095,87.0,49.17,48.8,2.03,R,D,O,AR,5133.0
149,149,Arkansas,Sharp,Bush,Gore,Others,3698,3236,192.0,51.89,45.41,2.7,R,D,O,AR,5135.0
150,150,Arkansas,Stone,Bush,Gore,Others,2623,2043,194.0,53.97,42.04,3.99,R,D,O,AR,5137.0
151,151,Arkansas,Union,Bush,Gore,Others,8647,6261,701.0,55.4,40.11,4.48,R,D,O,AR,5139.0
152,152,Arkansas,Van Buren,Bush,Gore,Others,3485,3202,297.0,49.9,45.85,4.25,R,D,O,AR,5141.0
153,153,Arkansas,Washington,Bush,Gore,Others,28231,21425,1803.0,54.86,41.64,3.5,R,D,O,AR,5143.0
154,154,Arkansas,White,Bush,Gore,Others,13170,8342,638.0,59.46,37.66,2.88,R,D,O,AR,5145.0
155,155,Arkansas,Woodruff,Gore,Bush,Others,1699,898,54.0,64.09,33.87,2.04,D,R,O,AR,5147.0
156,156,Arkansas,Yell,Bush,Gore,Others,3223,3062,194.0,49.75,47.26,2.99,R,D,O,AR,5149.0
157,157,California,San Francisco,Gore,Bush,Nader,241578,51496,24828.0,75.54,16.1,7.76,D,R,O,CA,6075.0
158,158,California,Alameda,Gore,Bush,Nader,342889,119279,27499.0,69.36,24.13,5.56,D,R,O,CA,6001.0
159,159,California,San Mateo,Gore,Bush,Nader,166757,80296,10433.0,64.29,30.96,4.02,D,R,O,CA,6081.0
160,160,California,Marin,Gore,Bush,Nader,79135,34872,8289.0,64.26,28.32,6.73,D,R,O,CA,6041.0
161,161,California,Los Angeles,Gore,Bush,Nader,1710505,871930,83731.0,63.47,32.35,3.11,D,R,O,CA,6037.0
162,162,California,Santa Cruz,Gore,Bush,Nader,66618,29627,10844.0,61.48,27.34,10.01,D,R,O,CA,6087.0
163,163,California,Santa Clara,Gore,Bush,Nader,332490,188750,19072.0,60.66,34.44,3.48,D,R,O,CA,6085.0
164,164,California,Sonoma,Gore,Bush,Nader,117295,63529,14324.0,59.54,32.25,7.27,D,R,O,CA,6097.0
165,165,California,Contra Costa,Gore,Bush,Nader,224338,141373,13067.0,58.81,37.06,3.43,D,R,O,CA,6013.0
166,166,California,Monterey,Gore,Bush,Nader,67618,43761,5059.0,57.53,37.23,4.3,D,R,O,CA,6053.0
167,167,California,Solano,Gore,Bush,Nader,75116,51604,3869.0,57.02,39.17,2.94,D,R,O,CA,6095.0
168,168,California,Yolo,Gore,Bush,Nader,33747,23057,4107.0,54.93,37.53,6.69,D,R,O,CA,6113.0
169,169,California,Napa,Gore,Bush,Nader,28097,20633,2471.0,54.32,39.89,4.78,D,R,O,CA,6055.0
170,170,California,San Benito,Gore,Bush,Nader,9131,7015,535.0,54.25,41.68,3.18,D,R,O,CA,6069.0
171,171,California,Imperial,Gore,Bush,Nader,15489,12524,608.0,53.53,43.28,2.1,D,R,O,CA,6025.0
172,172,California,Lake,Gore,Bush,Nader,10717,8699,1265.0,51.23,41.58,6.05,D,R,O,CA,6033.0
173,173,California,Sacramento,Gore,Bush,Nader,212792,195619,17659.0,49.31,45.33,4.09,D,R,O,CA,6067.0
174,174,California,Mendocino,Gore,Bush,Nader,16634,12272,5051.0,48.34,35.66,14.68,D,R,O,CA,6045.0
175,175,California,San Joaquin,Bush,Gore,Nader,81773,79776,4195.0,48.9,47.7,2.51,R,D,O,CA,6077.0
176,176,California,Santa Barbara,Gore,Bush,Nader,73411,71493,8664.0,47.37,46.13,5.59,D,R,O,CA,6083.0
177,177,California,San Bernardino,Bush,Gore,Nader,221757,214749,11775.0,48.75,47.21,2.59,R,D,O,CA,6071.0
178,178,California,Ventura,Bush,Gore,Nader,136173,133258,10235.0,48.17,47.14,3.62,R,D,O,CA,6111.0
179,179,California,San Diego,Bush,Gore,Nader,475736,437666,33979.0,49.63,45.66,3.54,R,D,O,CA,6073.0
180,180,California,Alpine,Bush,Gore,Nader,281,265,25.0,47.95,45.22,4.27,R,D,O,CA,6003.0
181,181,California,Merced,Bush,Gore,Nader,26102,22726,1166.0,51.77,45.08,2.31,R,D,O,CA,6047.0
182,182,California,Riverside,Bush,Gore,Nader,231955,202576,11678.0,51.42,44.9,2.59,R,D,O,CA,6065.0
183,183,California,Humboldt,Gore,Bush,Nader,24851,23219,7100.0,44.4,41.48,12.68,D,R,O,CA,6023.0
184,184,California,Stanislaus,Bush,Gore,Nader,67188,56448,3398.0,52.38,44.01,2.65,R,D,O,CA,6099.0
185,185,California,Fresno,Bush,Gore,Nader,117342,95059,6541.0,53.14,43.05,2.96,R,D,O,CA,6019.0
186,186,California,Mono,Bush,Gore,Nader,2296,1788,230.0,52.53,40.91,5.26,R,D,O,CA,6051.0
187,187,California,San Luis Obispo,Bush,Gore,Nader,56859,44526,6523.0,52.22,40.89,5.99,R,D,O,CA,6079.0
188,188,California,Orange,Bush,Gore,Nader,541299,391819,26833.0,55.75,40.36,2.76,R,D,O,CA,6059.0
189,189,California,Tuolumne,Bush,Gore,Nader,13172,9359,949.0,55.51,39.44,4.0,R,D,O,CA,6109.0
190,190,California,Kings,Bush,Gore,Nader,16377,11041,567.0,57.8,38.97,2.0,R,D,O,CA,6031.0
191,191,California,Amador,Bush,Gore,Nader,8766,5906,584.0,56.69,38.19,3.78,R,D,O,CA,6005.0
192,192,California,Calaveras,Bush,Gore,Nader,10599,7093,863.0,56.15,37.58,4.57,R,D,O,CA,6009.0
193,193,California,Del Norte,Bush,Gore,Nader,4526,3117,485.0,54.57,37.58,5.85,R,D,O,CA,6015.0
194,194,California,Butte,Bush,Gore,Nader,45584,31338,5727.0,54.45,37.43,6.84,R,D,O,CA,6007.0
195,195,California,Nevada,Bush,Gore,Nader,25998,17670,3287.0,54.76,37.22,6.92,R,D,O,CA,6057.0
196,196,California,Tulare,Bush,Gore,Nader,54070,33006,1834.0,60.2,36.75,2.04,R,D,O,CA,6107.0
197,197,California,El Dorado,Bush,Gore,Nader,42045,26220,3013.0,58.29,36.35,4.18,R,D,O,CA,6017.0
198,198,California,Kern,Bush,Gore,Nader,110663,66003,3474.0,60.7,36.2,1.91,R,D,O,CA,6029.0
199,199,California,Placer,Bush,Gore,Nader,69835,42449,4449.0,59.29,36.04,3.78,R,D,O,CA,6061.0
200,200,California,Madera,Bush,Gore,Nader,20283,11650,1080.0,60.74,34.89,3.23,R,D,O,CA,6039.0
201,201,California,Mariposa,Bush,Gore,Nader,4727,2816,379.0,58.55,34.88,4.69,R,D,O,CA,6043.0
202,202,California,Yuba,Bush,Gore,Nader,9838,5546,507.0,61.0,34.39,3.14,R,D,O,CA,6115.0
203,203,California,Inyo,Bush,Gore,Nader,4713,2652,344.0,60.31,33.93,4.4,R,D,O,CA,6027.0
204,204,California,Trinity,Bush,Gore,Nader,3340,1932,396.0,57.62,33.33,6.83,R,D,O,CA,6105.0
205,205,California,Plumas,Bush,Gore,Nader,6343,3458,456.0,60.98,33.25,4.38,R,D,O,CA,6063.0
206,206,California,Siskiyou,Bush,Gore,Nader,12198,6323,872.0,61.55,31.9,4.4,R,D,O,CA,6093.0
207,207,California,Sutter,Bush,Gore,Nader,17350,8416,594.0,65.31,31.68,2.24,R,D,O,CA,6101.0
208,208,California,Tehama,Bush,Gore,Nader,13270,6507,697.0,63.63,31.2,3.34,R,D,O,CA,6103.0
209,209,California,Colusa,Bush,Gore,Nader,3629,1745,151.0,64.92,31.22,2.7,R,D,O,CA,6011.0
210,210,California,Shasta,Bush,Gore,Nader,43278,20127,2131.0,65.04,30.25,3.2,R,D,O,CA,6089.0
211,211,California,Sierra,Bush,Gore,Nader,1172,540,86.0,63.45,29.24,4.66,R,D,O,CA,6091.0
212,212,California,Glenn,Bush,Gore,Nader,5795,2498,268.0,66.53,28.68,3.08,R,D,O,CA,6021.0
213,213,California,Lassen,Bush,Gore,Nader,7080,2982,339.0,66.88,28.17,3.2,R,D,O,CA,6035.0
214,214,California,Modoc,Bush,Gore,Nader,2969,945,122.0,72.47,23.07,2.98,R,D,O,CA,6049.0
215,215,Colorado,Adams,Gore,Bush,Nader,54132,47561,4165.0,50.19,44.1,3.86,D,R,O,CO,8001.0
216,216,Colorado,Alamosa,Bush,Gore,Nader,2857,2455,265.0,50.49,43.38,4.68,R,D,O,CO,8003.0
217,217,Colorado,Arapahoe,Bush,Gore,Nader,97768,82614,6952.0,51.47,43.49,3.66,R,D,O,CO,8005.0
218,218,Colorado,Archuleta,Bush,Gore,Nader,2988,1432,265.0,62.8,30.1,5.57,R,D,O,CO,8007.0
219,219,Colorado,Baca,Bush,Gore,Nader,1663,531,47.0,73.0,23.31,2.06,R,D,O,CO,8009.0
220,220,Colorado,Bent,Bush,Gore,Nader,1096,783,44.0,55.83,39.89,2.24,R,D,O,CO,8011.0
221,221,Colorado,Boulder,Gore,Bush,Nader,69983,50873,16498.0,50.12,36.44,11.82,D,R,O,CO,8013.0
222,222,Colorado,Chaffee,Bush,Gore,Nader,4300,2768,459.0,56.5,36.37,6.03,R,D,O,CO,8015.0
223,223,Colorado,Cheyenne,Bush,Gore,Nader,957,209,22.0,78.96,17.24,1.82,R,D,O,CO,8017.0
224,224,Colorado,Clear Creek,Bush,Gore,Nader,2247,2188,354.0,45.63,44.44,7.19,R,D,O,CO,8019.0
225,225,Colorado,Conejos,Bush,Gore,Nader,1772,1749,79.0,48.27,47.64,2.15,R,D,O,CO,8021.0
226,226,Colorado,Costilla,Gore,Bush,Nader,1054,504,71.0,63.96,30.58,4.31,D,R,O,CO,8023.0
227,227,Colorado,Crowley,Bush,Gore,Nader,855,511,28.0,59.17,35.36,1.94,R,D,O,CO,8025.0
228,228,Colorado,Custer,Bush,Gore,Nader,1451,507,100.0,68.74,24.02,4.74,R,D,O,CO,8027.0
229,229,Colorado,Delta,Bush,Gore,Nader,8372,3264,852.0,65.99,25.73,6.72,R,D,O,CO,8029.0
230,230,Colorado,Denver,Gore,Bush,Nader,122693,61224,11624.0,61.86,30.87,5.86,D,R,O,CO,8031.0
231,231,Colorado,Dolores,Bush,Gore,Nader,741,293,73.0,65.34,25.84,6.44,R,D,O,CO,8033.0
232,232,Colorado,Douglas,Bush,Gore,Nader,56007,27076,2230.0,64.95,31.4,2.59,R,D,O,CO,8035.0
233,233,Colorado,Eagle,Bush,Gore,Nader,7165,6772,1045.0,47.18,44.59,6.88,R,D,O,CO,8037.0
234,234,Colorado,Elbert,Bush,Gore,Nader,6151,2326,292.0,68.61,25.95,3.26,R,D,O,CO,8039.0
235,235,Colorado,El Paso,Bush,Gore,Nader,128294,61799,7116.0,63.91,30.78,3.54,R,D,O,CO,8041.0
236,236,Colorado,Fremont,Bush,Gore,Nader,9914,5293,516.0,61.75,32.97,3.21,R,D,O,CO,8043.0
237,237,Colorado,Garfield,Bush,Gore,Nader,9103,6087,1608.0,53.22,35.59,9.4,R,D,O,CO,8045.0
238,238,Colorado,Gilpin,Gore,Bush,Nader,1099,1006,276.0,44.58,40.81,11.2,D,R,O,CO,8047.0
239,239,Colorado,Grand,Bush,Gore,Nader,3570,2308,366.0,56.19,36.33,5.76,R,D,O,CO,8049.0
240,240,Colorado,Gunnison,Bush,Gore,Nader,3128,3059,927.0,43.23,42.27,12.81,R,D,O,CO,8051.0
241,241,Colorado,Hinsdale,Bush,Gore,Nader,316,188,51.0,55.83,33.22,9.01,R,D,O,CO,8053.0
242,242,Colorado,Huerfano,Gore,Bush,Nader,1495,1466,169.0,47.1,46.19,5.32,D,R,O,CO,8055.0
243,243,Colorado,Jackson,Bush,Gore,Nader,682,173,40.0,73.73,18.7,4.32,R,D,O,CO,8057.0
244,244,Colorado,Jefferson,Bush,Gore,Nader,120138,100970,10336.0,51.02,42.88,4.39,R,D,O,CO,8059.0
245,245,Colorado,Kiowa,Bush,Gore,Nader,728,211,13.0,75.21,21.8,1.34,R,D,O,CO,8061.0
246,246,Colorado,Kit Carson,Bush,Gore,Nader,2542,809,58.0,73.51,23.4,1.68,R,D,O,CO,8063.0
247,247,Colorado,Lake,Gore,Bush,Nader,1296,1056,213.0,49.32,40.18,8.11,D,R,O,CO,8065.0
248,248,Colorado,La Plata,Bush,Gore,Nader,9993,7864,2378.0,48.77,38.38,11.61,R,D,O,CO,8067.0
249,249,Colorado,Larimer,Bush,Gore,Nader,62429,46055,8194.0,52.67,38.85,6.91,R,D,O,CO,8069.0
250,250,Colorado,Las Animas,Gore,Bush,Nader,3243,2569,199.0,53.22,42.16,3.27,D,R,O,CO,8071.0
251,251,Colorado,Lincoln,Bush,Gore,Nader,1630,510,27.0,74.12,23.19,1.23,R,D,O,CO,8073.0
252,252,Colorado,Logan,Bush,Gore,Nader,5531,2296,140.0,68.32,28.36,1.73,R,D,O,CO,8075.0
253,253,Colorado,Mesa,Bush,Gore,Nader,32396,15465,2235.0,63.45,30.29,4.38,R,D,O,CO,8077.0
254,254,Colorado,Mineral,Bush,Gore,Nader,294,168,19.0,60.49,34.57,3.91,R,D,O,CO,8079.0
255,255,Colorado,Moffat,Bush,Gore,Nader,3840,1223,169.0,71.95,22.92,3.17,R,D,O,CO,8081.0
256,256,Colorado,Montezuma,Bush,Gore,Nader,6158,2556,530.0,65.62,27.24,5.65,R,D,O,CO,8083.0
257,257,Colorado,Montrose,Bush,Gore,Nader,9266,4041,656.0,65.18,28.43,4.61,R,D,O,CO,8085.0
258,258,Colorado,Morgan,Bush,Gore,Nader,5722,2885,211.0,63.59,32.06,2.34,R,D,O,CO,8087.0
259,259,Colorado,Otero,Bush,Gore,Nader,4082,2963,138.0,55.83,40.52,1.89,R,D,O,CO,8089.0
260,260,Colorado,Ouray,Bush,Gore,Nader,1279,705,224.0,57.28,31.57,10.03,R,D,O,CO,8091.0
261,261,Colorado,Park,Bush,Gore,Nader,3677,2393,404.0,55.17,35.9,6.06,R,D,O,CO,8093.0
262,262,Colorado,Phillips,Bush,Gore,Nader,1573,564,48.0,70.86,25.41,2.16,R,D,O,CO,8095.0
263,263,Colorado,Pitkin,Gore,Bush,Nader,4137,2565,1013.0,53.04,32.88,12.99,D,R,O,CO,8097.0
264,264,Colorado,Prowers,Bush,Gore,Nader,3026,1361,79.0,66.89,30.08,1.75,R,D,O,CO,8099.0
265,265,Colorado,Peublo,Gore,Bush,Nader,28888,22827,1520.0,53.55,42.31,2.82,D,R,O,CO,
266,266,Colorado,Rio Blanco,Bush,Gore,Nader,2185,543,85.0,76.53,19.02,2.98,R,D,O,CO,8103.0
267,267,Colorado,Rio Grande,Bush,Gore,Nader,3111,1707,179.0,61.3,33.64,3.53,R,D,O,CO,8105.0
268,268,Colorado,Routt,Bush,Gore,Nader,4472,4208,820.0,46.4,43.66,8.51,R,D,O,CO,8107.0
269,269,Colorado,Saguache,Gore,Bush,Nader,1145,1078,261.0,45.27,42.63,10.32,D,R,O,CO,8109.0
270,270,Colorado,San Juan,Bush,Gore,Nader,210,149,58.0,48.17,34.17,13.3,R,D,O,CO,8111.0
271,271,Colorado,San Miguel,Gore,Bush,Nader,1598,1043,560.0,49.09,32.04,17.2,D,R,O,CO,8113.0
272,272,Colorado,Sedgwick,Bush,Gore,Nader,877,384,25.0,67.31,29.47,1.92,R,D,O,CO,8115.0
273,273,Colorado,Summit,Gore,Bush,Nader,5304,4497,1131.0,47.92,40.63,10.22,D,R,O,CO,8117.0
274,274,Colorado,Teller,Bush,Gore,Nader,6477,2750,429.0,65.78,27.93,4.36,R,D,O,CO,8119.0
275,275,Colorado,Washington,Bush,Gore,Nader,1878,477,50.0,76.81,19.51,2.04,R,D,O,CO,8121.0
276,276,Colorado,Weld,Bush,Gore,Nader,37409,23436,2438.0,57.96,36.31,3.78,R,D,O,CO,8123.0
277,277,Colorado,Yuma,Bush,Gore,Nader,3156,1082,60.0,72.42,24.83,1.38,R,D,O,CO,8125.0
278,278,Connecticut,Fairfield,Gore,Bush,Others,193769,159659,16861.0,52.3,43.1,4.6,D,R,O,CT,9001.0
279,279,Connecticut,Hartford,Gore,Bush,Others,221167,127468,18921.0,60.2,34.7,5.1,D,R,O,CT,9003.0
280,280,Connecticut,Litchfield,Gore,Bush,Others,41806,39172,6360.0,47.9,44.9,7.2,D,R,O,CT,9005.0
281,281,Connecticut,Middlesex,Gore,Bush,Others,43319,29295,4819.0,55.9,37.8,6.3,D,R,O,CT,9007.0
282,282,Connecticut,New Haven,Gore,Bush,Others,197928,122919,20252.0,58.0,36.0,6.0,D,R,O,CT,9009.0
283,283,Connecticut,New London,Gore,Bush,Others,60449,41168,7530.0,55.9,37.7,6.4,D,R,O,CT,9011.0
284,284,Connecticut,Tolland,Gore,Bush,Others,33554,24705,4441.0,53.5,39.4,7.1,D,R,O,CT,9013.0
285,285,Connecticut,Windham,Gore,Bush,Others,24023,16708,3232.0,54.6,38.0,7.4,D,R,O,CT,9015.0
286,286,Delaware,New Castle,Gore,Bush,Other,127539,78587,6934.0,59.9,36.9,3.2,D,R,O,DE,10003.0
287,287,Delaware,Kent,Bush,Gore,Other,24081,22790,1383.0,49.9,47.2,2.9,R,D,O,DE,10001.0
288,288,Delaware,Sussex,Bush,Gore,Other,34620,29739,1929.0,52.2,44.9,2.9,R,D,O,DE,10005.0
289,289,Florida,Alachua,Gore,Bush,Nader,47380,34135,3228.0,55.2,39.8,3.8,D,R,O,FL,12001.0
290,290,Florida,Baker,Bush,Gore,Nader,5611,2392,53.0,68.8,29.3,0.6,R,D,O,FL,12003.0
291,291,Florida,Bay,Bush,Gore,Nader,38682,18873,830.0,65.7,32.1,1.4,R,D,O,FL,12005.0
292,292,Florida,Bradford,Bush,Gore,Nader,5416,3075,84.0,62.4,35.4,1.0,R,D,O,FL,12007.0
293,293,Florida,Brevard,Bush,Gore,Nader,115253,97341,4471.0,52.8,44.6,2.0,R,D,O,FL,12009.0
294,294,Florida,Broward,Gore,Bush,Nader,387760,177939,7105.0,67.4,30.9,1.2,D,R,O,FL,12011.0
295,295,Florida,Calhoun,Bush,Gore,Nader,2873,2156,39.0,55.5,41.7,0.8,R,D,O,FL,12013.0
296,296,Florida,Charlotte,Bush,Gore,Nader,35428,29646,1462.0,53.0,44.3,2.2,R,D,O,FL,12015.0
297,297,Florida,Citrus,Bush,Gore,Nader,29801,25531,1383.0,52.1,44.6,2.4,R,D,O,FL,12017.0
298,298,Florida,Clay,Bush,Gore,Nader,41903,14668,565.0,72.8,25.5,1.0,R,D,O,FL,12019.0
299,299,Florida,Collier,Bush,Gore,Nader,60467,29939,1405.0,65.6,32.5,1.5,R,D,O,FL,12021.0
300,300,Florida,Columbia,Bush,Gore,Nader,10968,7049,258.0,59.2,38.1,1.4,R,D,O,FL,12023.0
301,301,Florida,Desoto,Bush,Gore,Nader,4256,3321,157.0,54.5,42.5,2.0,R,D,O,FL,
302,302,Florida,Dixie,Bush,Gore,Nader,2697,1827,75.0,57.8,39.1,1.6,R,D,O,FL,12029.0
303,303,Florida,Duval,Bush,Gore,Nader,152460,108039,2762.0,57.5,40.7,1.0,R,D,O,FL,12031.0
304,304,Florida,Escambia,Bush,Gore,Nader,73171,40990,1733.0,62.6,35.1,1.5,R,D,O,FL,12033.0
305,305,Florida,Flagler,Gore,Bush,Nader,13897,12618,435.0,51.3,46.5,1.6,D,R,O,FL,12035.0
306,306,Florida,Franklin,Bush,Gore,Nader,2454,2047,85.0,52.8,44.1,1.8,R,D,O,FL,12037.0
307,307,Florida,Gadsden,Gore,Bush,Nader,9736,4770,139.0,66.1,32.4,0.9,D,R,O,FL,12039.0
308,308,Florida,Gilchrist,Bush,Gore,Nader,3300,1910,97.0,61.2,35.4,1.8,R,D,O,FL,12041.0
309,309,Florida,Glades,Bush,Gore,Nader,1841,1442,56.0,54.7,42.9,1.7,R,D,O,FL,12043.0
310,310,Florida,Gulf,Bush,Gore,Nader,3553,2398,86.0,57.8,39.0,1.4,R,D,O,FL,12045.0
311,311,Florida,Hamilton,Bush,Gore,Nader,2147,1723,37.0,54.1,43.4,0.9,R,D,O,FL,12047.0
312,312,Florida,Hardee,Bush,Gore,Nader,3765,2342,75.0,60.4,37.6,1.2,R,D,O,FL,12049.0
313,313,Florida,Hendry,Bush,Gore,Nader,4747,3240,104.0,58.3,39.8,1.3,R,D,O,FL,12051.0
314,314,Florida,Hernando,Gore,Bush,Nader,32648,30658,1501.0,50.0,47.0,2.3,D,R,O,FL,12053.0
315,315,Florida,Highlands,Bush,Gore,Nader,20207,14169,545.0,57.5,40.3,1.6,R,D,O,FL,12055.0
316,316,Florida,Hillsborough,Bush,Gore,Nader,180794,169576,7496.0,50.2,47.1,2.1,R,D,O,FL,12057.0
317,317,Florida,Holmes,Bush,Gore,Nader,5012,2177,94.0,67.8,29.4,1.3,R,D,O,FL,12059.0
318,318,Florida,Indian River,Bush,Gore,Nader,28639,19769,950.0,57.7,39.8,1.9,R,D,O,FL,12061.0
319,319,Florida,Jackson,Bush,Gore,Nader,9139,6870,138.0,56.1,42.1,0.8,R,D,O,FL,12063.0
320,320,Florida,Jefferson,Gore,Bush,Nader,3041,2478,76.0,53.9,43.9,1.3,D,R,O,FL,12065.0
321,321,Florida,Lafayette,Bush,Gore,Nader,1670,789,26.0,66.7,31.5,1.0,R,D,O,FL,12067.0
322,322,Florida,Lake,Bush,Gore,Nader,50010,36571,1460.0,56.4,41.3,1.6,R,D,O,FL,12069.0
323,323,Florida,Lee,Bush,Gore,Nader,106151,73571,3588.0,57.6,39.9,1.9,R,D,O,FL,12071.0
324,324,Florida,Leon,Gore,Bush,Nader,61444,39073,1934.0,59.6,37.9,1.9,D,R,O,FL,12073.0
325,325,Florida,Levy,Bush,Gore,Nader,6863,5398,285.0,53.9,42.4,2.2,R,D,O,FL,12075.0
326,326,Florida,Liberty,Bush,Gore,Nader,1317,1017,19.0,54.6,42.2,0.8,R,D,O,FL,12077.0
327,327,Florida,Madison,Bush,Gore,Nader,3038,3015,54.0,49.3,48.9,0.9,R,D,O,FL,12079.0
328,328,Florida,Manatee,Bush,Gore,Nader,58023,49226,2494.0,52.6,44.6,2.3,R,D,O,FL,12081.0
329,329,Florida,Marion,Bush,Gore,Nader,55146,44674,1810.0,53.6,43.4,1.8,R,D,O,FL,12083.0
330,330,Florida,Martin,Bush,Gore,Nader,33972,26621,1118.0,54.8,42.9,1.8,R,D,O,FL,12085.0
331,331,Florida,Miami-Dade,Gore,Bush,Nader,328867,289574,5355.0,52.6,46.3,0.9,D,R,O,FL,12086.0
332,332,Florida,Monroe,Gore,Bush,Nader,16487,16063,1090.0,48.6,47.4,3.2,D,R,O,FL,12087.0
333,333,Florida,Nassau,Bush,Gore,Nader,16408,6955,253.0,69.0,29.2,1.1,R,D,O,FL,12089.0
334,334,Florida,Okaloosa,Bush,Gore,Nader,52186,16989,988.0,73.7,24.0,1.4,R,D,O,FL,12091.0
335,335,Florida,Okeechobee,Bush,Gore,Nader,5057,4589,131.0,51.3,46.6,1.3,R,D,O,FL,12093.0
336,336,Florida,Orange,Gore,Bush,Nader,140236,134531,3879.0,50.1,48.0,1.4,D,R,O,FL,12095.0
337,337,Florida,Osceola,Gore,Bush,Nader,28187,26237,733.0,50.6,47.1,1.3,D,R,O,FL,12097.0
338,338,Florida,Palm Beach,Gore,Bush,Nader,269754,152964,5566.0,62.3,35.3,1.3,D,R,O,FL,12099.0
339,339,Florida,Pasco,Gore,Bush,Nader,69576,68607,3394.0,48.7,48.1,2.4,D,R,O,FL,12101.0
340,340,Florida,Pinellas,Gore,Bush,Nader,200657,184849,10023.0,50.3,46.4,2.5,D,R,O,FL,12103.0
341,341,Florida,Polk,Bush,Gore,Nader,90310,75207,2059.0,53.6,44.6,1.2,R,D,O,FL,12105.0
342,342,Florida,Putnam,Bush,Gore,Nader,13457,12107,379.0,51.3,46.1,1.4,R,D,O,FL,12107.0
343,343,Florida,Santa Rosa,Bush,Gore,Nader,36339,12818,726.0,72.1,25.4,1.4,R,D,O,FL,12113.0
344,344,Florida,Sarasota,Bush,Gore,Nader,83117,72869,4071.0,51.6,45.3,2.5,R,D,O,FL,12115.0
345,345,Florida,Seminole,Bush,Gore,Nader,75790,59227,1949.0,55.0,43.0,1.4,R,D,O,FL,12117.0
346,346,Florida,St. Johns,Bush,Gore,Nader,39564,19509,1217.0,65.1,32.1,2.0,R,D,O,FL,12109.0
347,347,Florida,St. Lucie,Gore,Bush,Nader,41560,34705,1368.0,53.3,44.5,1.8,D,R,O,FL,12111.0
348,348,Florida,Sumter,Bush,Gore,Nader,12127,9637,306.0,54.5,43.3,1.4,R,D,O,FL,12119.0
349,349,Florida,Suwannee,Bush,Gore,Nader,8009,4076,180.0,64.3,32.7,1.4,R,D,O,FL,12121.0
350,350,Florida,Taylor,Bush,Gore,Nader,4058,2649,59.0,59.6,38.9,0.9,R,D,O,FL,12123.0
351,351,Florida,Union,Bush,Gore,Nader,2332,1407,33.0,61.0,36.8,0.9,R,D,O,FL,12125.0
352,352,Florida,Volusia,Gore,Bush,Nader,97313,82368,2910.0,53.0,44.8,1.6,D,R,O,FL,12127.0
353,353,Florida,Wakulla,Bush,Gore,Nader,4512,3838,149.0,52.5,44.7,1.7,R,D,O,FL,12129.0
354,354,Florida,Walton,Bush,Gore,Nader,12186,5643,265.0,66.5,30.8,1.4,R,D,O,FL,12131.0
355,355,Florida,Washington,Bush,Gore,Nader,4995,2798,93.0,62.2,34.9,1.2,R,D,O,FL,12133.0
356,356,Georgia,Appling,Bush,Gore,Browne,3940,2093,47.0,64.6,34.32,0.77,R,D,O,GA,13001.0
357,357,Georgia,Atkinson,Bush,Gore,Browne,1228,821,19.0,59.3,39.64,0.92,R,D,O,GA,13003.0
358,358,Georgia,Bacon,Bush,Gore,Browne,2010,956,14.0,67.11,31.92,0.47,R,D,O,GA,13005.0
359,359,Georgia,Baker,Gore,Bush,Browne,893,615,4.0,58.79,40.49,0.26,D,R,O,GA,13007.0
360,360,Georgia,Baldwin,Bush,Gore,Browne,6041,5893,87.0,49.82,48.6,0.72,R,D,O,GA,13009.0
361,361,Georgia,Banks,Bush,Gore,Browne,3202,1220,63.0,70.64,26.91,1.39,R,D,O,GA,13011.0
362,362,Georgia,Barrow,Bush,Gore,Browne,7925,3657,381.0,65.49,30.22,3.15,R,D,O,GA,13013.0
363,363,Georgia,Bartow,Bush,Gore,Browne,14720,7508,351.0,64.62,32.96,1.54,R,D,O,GA,13015.0
364,364,Georgia,Ben Hill,Bush,Gore,Browne,2381,2234,8.0,51.08,47.93,0.17,R,D,O,GA,13017.0
365,365,Georgia,Berrien,Bush,Gore,Browne,2718,1640,14.0,61.63,37.19,0.32,R,D,O,GA,13019.0
366,366,Georgia,Bibb,Gore,Bush,Browne,24996,24071,314.0,50.22,48.36,0.63,D,R,O,GA,13021.0
367,367,Georgia,Bleckley,Bush,Gore,Browne,2436,1273,16.0,64.98,33.96,0.43,R,D,O,GA,13023.0
368,368,Georgia,Brantley,Bush,Gore,Browne,3118,1372,26.0,68.29,30.05,0.57,R,D,O,GA,13025.0
369,369,Georgia,Brooks,Bush,Gore,Browne,2406,2096,22.0,52.87,46.06,0.48,R,D,O,GA,13027.0
370,370,Georgia,Bryan,Bush,Gore,Browne,4835,2172,32.0,68.49,30.77,0.45,R,D,O,GA,13029.0
371,371,Georgia,Bulloch,Bush,Gore,Browne,8990,5561,53.0,60.82,37.62,0.36,R,D,O,GA,13031.0
372,372,Georgia,Burke,Gore,Bush,Browne,3720,3381,0.0,52.14,47.39,0.0,D,R,O,GA,13033.0
373,373,Georgia,Butts,Bush,Gore,Browne,3198,2281,104.0,56.75,40.48,1.85,R,D,O,GA,13035.0
374,374,Georgia,Calhoun,Gore,Bush,Browne,1107,768,6.0,58.66,40.7,0.32,D,R,O,GA,13037.0
375,375,Georgia,Camden,Bush,Gore,Browne,6371,3636,53.0,62.96,35.93,0.52,R,D,O,GA,13039.0
376,376,Georgia,Candler,Bush,Gore,Browne,1643,1053,21.0,60.36,38.68,0.77,R,D,O,GA,13043.0
377,377,Georgia,Carroll,Bush,Gore,Browne,16326,8752,342.0,63.42,34.0,1.33,R,D,O,GA,13045.0
378,378,Georgia,Catoosa,Bush,Gore,Browne,12033,5470,59.0,67.9,30.87,0.33,R,D,O,GA,13047.0
379,379,Georgia,Charlton,Bush,Gore,Browne,1770,1015,8.0,62.86,36.04,0.28,R,D,O,GA,13049.0
380,380,Georgia,Chatham,Bush,Gore,Browne,37847,37590,273.0,49.49,49.15,0.36,R,D,O,GA,13051.0
381,381,Georgia,Chattahoochee,Gore,Bush,Browne,600,590,6.0,49.71,48.88,0.5,D,R,O,GA,13053.0
382,382,Georgia,Chattooga,Bush,Gore,Browne,3640,2729,33.0,56.2,42.13,0.51,R,D,O,GA,13055.0
383,383,Georgia,Cherokee,Bush,Gore,Browne,38033,12295,1458.0,72.65,23.49,2.79,R,D,O,GA,13057.0
384,384,Georgia,Clarke,Bush,Gore,Browne,15167,15167,538.0,41.0,52.47,1.86,R,D,O,GA,13059.0
385,385,Georgia,Clay,Gore,Bush,Browne,821,448,4.0,64.29,35.08,0.31,D,R,O,GA,13061.0
386,386,Georgia,Clayton,Gore,Bush,Browne,40042,19966,919.0,65.21,32.52,1.5,D,R,O,GA,13063.0
387,387,Georgia,Clinch,Bush,Gore,Browne,1091,816,6.0,56.56,42.3,0.31,R,D,O,GA,13065.0
388,388,Georgia,Cobb,Bush,Gore,Browne,140494,86676,4924.0,59.78,36.88,2.1,R,D,O,GA,13067.0
389,389,Georgia,Coffee,Bush,Gore,Browne,5756,3593,36.0,61.04,38.1,0.38,R,D,O,GA,13069.0
390,390,Georgia,Colquitt,Bush,Gore,Browne,6589,3297,26.0,66.08,33.06,0.26,R,D,O,GA,13071.0
391,391,Georgia,Columbia,Bush,Gore,Browne,26660,8969,137.0,74.04,24.91,0.38,R,D,O,GA,13073.0
392,392,Georgia,Cook,Bush,Gore,Browne,2279,1639,0.0,57.78,41.56,0.0,R,D,O,GA,13075.0
393,393,Georgia,Coweta,Bush,Gore,Browne,21327,9056,555.0,68.3,29.0,1.78,R,D,O,GA,13077.0
394,394,Georgia,Crawford,Bush,Gore,Browne,1987,1513,29.0,55.71,42.42,0.81,R,D,O,GA,13079.0
395,395,Georgia,Crisp,Bush,Gore,Browne,3285,2268,27.0,58.57,40.44,0.48,R,D,O,GA,13081.0
396,396,Georgia,Dade,Bush,Gore,Browne,3333,1628,24.0,66.01,32.24,0.48,R,D,O,GA,13083.0
397,397,Georgia,Dawson,Bush,Gore,Browne,4210,1458,147.0,71.38,24.72,2.49,R,D,O,GA,13085.0
398,398,Georgia,Decatur,Bush,Gore,Browne,4187,3398,0.0,54.75,44.43,0.0,R,D,O,GA,13087.0
399,399,Georgia,DeKalb,Gore,Bush,Browne,154509,58807,4242.0,70.24,26.73,1.93,D,R,O,GA,13089.0
400,400,Georgia,Dodge,Bush,Gore,Browne,3472,2326,33.0,59.08,39.58,0.56,R,D,O,GA,13091.0
401,401,Georgia,Dooly,Gore,Bush,Browne,1901,1588,8.0,54.01,45.11,0.23,D,R,O,GA,13093.0
402,402,Georgia,Dougherty,Gore,Bush,Browne,16650,12248,0.0,57.29,42.14,0.0,D,R,O,GA,13095.0
403,403,Georgia,Douglas,Bush,Gore,Browne,18893,11162,576.0,61.02,36.05,1.86,R,D,O,GA,13097.0
404,404,Georgia,Early,Bush,Gore,Browne,1938,1622,0.0,54.06,45.24,0.0,R,D,O,GA,13099.0
405,405,Georgia,Echols,Bush,Gore,Browne,614,272,2.0,68.37,30.29,0.22,R,D,O,GA,13101.0
406,406,Georgia,Effingham,Bush,Gore,Browne,7326,3232,38.0,68.79,30.35,0.36,R,D,O,GA,13103.0
407,407,Georgia,Elbert,Bush,Gore,Browne,3262,2527,18.0,55.73,43.17,0.31,R,D,O,GA,13105.0
408,408,Georgia,Emanuel,Bush,Gore,Browne,3343,2835,39.0,53.38,45.27,0.62,R,D,O,GA,13107.0
409,409,Georgia,Evans,Bush,Gore,Browne,1841,1217,0.0,59.77,39.51,0.0,R,D,O,GA,13109.0
410,410,Georgia,Fannin,Bush,Gore,Browne,5463,2736,85.0,65.11,32.61,1.01,R,D,O,GA,13111.0
411,411,Georgia,Fayette,Bush,Gore,Browne,29338,11912,773.0,69.11,28.06,1.82,R,D,O,GA,13113.0
412,412,Georgia,Floyd,Bush,Gore,Browne,16194,10282,194.0,60.37,38.33,0.72,R,D,O,GA,13115.0
413,413,Georgia,Forsyth,Bush,Gore,Browne,27769,6694,1003.0,77.66,18.72,2.81,R,D,O,GA,13117.0
414,414,Georgia,Franklin,Bush,Gore,Browne,3659,2040,40.0,63.5,35.4,0.69,R,D,O,GA,13119.0
415,415,Georgia,Fulton,Gore,Bush,Browne,152039,104870,4474.0,57.76,39.84,1.7,D,R,O,GA,13121.0
416,416,Georgia,Gilmer,Bush,Gore,Browne,4941,2230,80.0,67.04,30.26,1.09,R,D,O,GA,13123.0
417,417,Georgia,Glascock,Bush,Gore,Browne,763,249,3.0,74.8,24.41,0.29,R,D,O,GA,13125.0
418,418,Georgia,Glynn,Bush,Gore,Browne,14346,7778,78.0,64.09,34.75,0.35,R,D,O,GA,13127.0
419,419,Georgia,Gordon,Bush,Gore,Browne,7944,4032,90.0,65.09,33.04,0.74,R,D,O,GA,13129.0
420,420,Georgia,Grady,Bush,Gore,Browne,3894,2721,17.0,58.09,40.59,0.25,R,D,O,GA,13131.0
421,421,Georgia,Greene,Bush,Gore,Browne,2980,2137,49.0,57.34,41.12,0.94,R,D,O,GA,13133.0
422,422,Georgia,Gwinnett,Bush,Gore,Browne,121756,61434,5883.0,63.71,32.15,3.08,R,D,O,GA,13135.0
423,423,Georgia,Habersham,Bush,Gore,Browne,6964,2530,98.0,71.86,26.11,1.01,R,D,O,GA,13137.0
424,424,Georgia,Hall,Bush,Gore,Browne,26841,10259,630.0,70.36,26.89,1.65,R,D,O,GA,13139.0
425,425,Georgia,Hancock,Gore,Bush,Browne,2414,662,0.0,78.22,21.45,0.0,D,R,O,GA,13141.0
426,426,Georgia,Haralson,Bush,Gore,Browne,5153,2869,78.0,63.1,35.13,0.96,R,D,O,GA,13143.0
427,427,Georgia,Harris,Bush,Gore,Browne,5554,2912,35.0,64.87,34.01,0.41,R,D,O,GA,13145.0
428,428,Georgia,Hart,Bush,Gore,Browne,4242,3192,44.0,56.29,42.36,0.58,R,D,O,GA,13147.0
429,429,Georgia,Heard,Bush,Gore,Browne,1947,1178,35.0,60.88,36.84,1.09,R,D,O,GA,13149.0
430,430,Georgia,Henry,Bush,Gore,Browne,25815,11971,834.0,66.42,30.8,2.15,R,D,O,GA,13151.0
431,431,Georgia,Houston,Bush,Gore,Browne,23174,13301,258.0,62.65,35.96,0.7,R,D,O,GA,13153.0
432,432,Georgia,Irwin,Bush,Gore,Browne,1720,1405,8.0,60.31,38.74,0.28,R,D,O,GA,13155.0
433,433,Georgia,Jackson,Bush,Gore,Browne,7878,3420,224.0,67.71,29.39,1.93,R,D,O,GA,13157.0
434,434,Georgia,Jasper,Bush,Gore,Browne,2298,1558,61.0,58.28,39.51,1.55,R,D,O,GA,13159.0
435,435,Georgia,Jeff Davis,Bush,Gore,Browne,2797,1379,11.0,66.26,32.67,0.26,R,D,O,GA,13161.0
436,436,Georgia,Jefferson,Gore,Bush,Browne,2973,2559,0.0,53.41,45.98,0.0,D,R,O,GA,13163.0
437,437,Georgia,Jenkins,Bush,Gore,Browne,1317,1250,10.0,50.79,48.21,0.39,R,D,O,GA,13165.0
438,438,Georgia,Johnson,Bush,Gore,Browne,1797,1065,9.0,62.33,36.94,0.31,R,D,O,GA,13167.0
439,439,Georgia,Jones,Bush,Gore,Browne,4850,3102,52.0,60.11,38.45,0.64,R,D,O,GA,13169.0
440,440,Georgia,Lamar,Bush,Gore,Browne,2912,2194,75.0,55.68,41.95,1.43,R,D,O,GA,13171.0
441,441,Georgia,Lanier,Bush,Gore,Browne,1048,832,5.0,55.04,43.7,0.26,R,D,O,GA,13173.0
442,442,Georgia,Laurens,Bush,Gore,Browne,8133,5724,108.0,57.94,40.78,0.77,R,D,O,GA,13175.0
443,443,Georgia,Lee,Bush,Gore,Browne,5872,1936,27.0,74.48,24.56,0.34,R,D,O,GA,13177.0
444,444,Georgia,Liberty,Gore,Bush,Browne,5347,4455,76.0,53.62,44.68,0.76,D,R,O,GA,13179.0
445,445,Georgia,Lincoln,Bush,Gore,Browne,1807,1275,9.0,58.23,41.09,0.29,R,D,O,GA,13181.0
446,446,Georgia,Long,Bush,Gore,Browne,1320,975,0.0,57.04,42.13,0.0,R,D,O,GA,13183.0
447,447,Georgia,Lowndes,Bush,Gore,Browne,14462,10616,69.0,56.87,41.74,0.27,R,D,O,GA,13185.0
448,448,Georgia,Lumpkin,Bush,Gore,Browne,4427,2121,139.0,65.59,31.42,2.06,R,D,O,GA,13187.0
449,449,Georgia,McDuffie,Bush,Gore,Browne,3926,2580,0.0,59.94,39.39,0.0,R,D,O,GA,13189.0
450,450,Georgia,McIntosh,Gore,Bush,Browne,2047,1766,10.0,53.35,46.03,0.26,D,R,O,GA,13191.0
451,451,Georgia,Macon,Gore,Bush,Browne,2757,1566,11.0,63.31,35.96,0.25,D,R,O,GA,13193.0
452,452,Georgia,Madison,Bush,Gore,Browne,5529,2285,81.0,69.17,28.59,1.01,R,D,O,GA,13195.0
453,453,Georgia,Marion,Bush,Gore,Browne,1187,982,6.0,54.35,44.96,0.27,R,D,O,GA,13197.0
454,454,Georgia,Meriwether,Gore,Bush,Browne,3441,3162,46.0,51.29,47.13,0.69,D,R,O,GA,13199.0
455,455,Georgia,Miller,Bush,Gore,Browne,1349,783,3.0,62.74,36.42,0.14,R,D,O,GA,13201.0
456,456,Georgia,Mitchell,Gore,Bush,Browne,2971,2790,0.0,51.23,48.11,0.0,D,R,O,GA,13205.0
457,457,Georgia,Monroe,Bush,Gore,Browne,4561,2839,82.0,60.48,37.65,1.09,R,D,O,GA,13207.0
458,458,Georgia,Montgomery,Bush,Gore,Browne,1465,1013,5.0,58.39,40.37,0.2,R,D,O,GA,13209.0
459,459,Georgia,Morgan,Bush,Gore,Browne,3524,2238,74.0,59.71,37.92,1.25,R,D,O,GA,13211.0
460,460,Georgia,Murray,Bush,Gore,Browne,5539,2684,37.0,66.16,32.06,0.44,R,D,O,GA,13213.0
461,461,Georgia,Muscogee,Gore,Bush,Browne,28193,23479,0.0,54.05,45.01,0.0,D,R,O,GA,13215.0
462,462,Georgia,Newton,Bush,Gore,Browne,11127,6703,412.0,60.56,36.48,2.24,R,D,O,GA,13217.0
463,463,Georgia,Oconee,Bush,Gore,Browne,7611,3184,179.0,68.15,28.51,1.6,R,D,O,GA,13219.0
464,464,Georgia,Oglethorpe,Bush,Gore,Browne,2706,1519,67.0,61.71,34.34,1.53,R,D,O,GA,13221.0
465,465,Georgia,Paulding,Bush,Gore,Browne,16881,6743,450.0,69.58,27.79,1.85,R,D,O,GA,13223.0
466,466,Georgia,Peach,Gore,Bush,Browne,3540,3525,41.0,49.6,49.39,0.57,D,R,O,GA,13225.0
467,467,Georgia,Pickens,Bush,Gore,Browne,5488,2489,143.0,66.92,30.35,1.74,R,D,O,GA,13227.0
468,468,Georgia,Pierce,Bush,Gore,Browne,3348,1300,0.0,71.52,27.77,0.0,R,D,O,GA,13229.0
469,469,Georgia,Pike,Bush,Gore,Browne,3358,1413,72.0,68.74,28.93,1.47,R,D,O,GA,13231.0
470,470,Georgia,Polk,Bush,Gore,Browne,5841,4112,69.0,57.74,40.65,0.68,R,D,O,GA,13233.0
471,471,Georgia,Pulaski,Bush,Gore,Browne,1922,1390,12.0,57.44,41.54,0.36,R,D,O,GA,13235.0
472,472,Georgia,Putnam,Bush,Gore,Browne,3596,2612,41.0,57.09,41.47,0.65,R,D,O,GA,13237.0
473,473,Georgia,Quitman,Gore,Bush,Browne,542,348,5.0,59.96,38.5,0.55,D,R,O,GA,13239.0
474,474,Georgia,Rabun,Bush,Gore,Browne,3451,1776,50.0,64.61,33.25,0.94,R,D,O,GA,13241.0
475,475,Georgia,Randolph,Gore,Bush,Browne,1381,1174,3.0,53.76,45.7,0.12,D,R,O,GA,13243.0
476,476,Georgia,Richmond,Gore,Bush,Browne,31413,25485,209.0,54.6,44.29,0.36,D,R,O,GA,13245.0
477,477,Georgia,Rockdale,Bush,Gore,Browne,15440,8295,622.0,62.64,33.65,2.52,R,D,O,GA,13247.0
478,478,Georgia,Schley,Bush,Gore,Browne,706,460,0.0,60.03,39.12,0.0,R,D,O,GA,13249.0
479,479,Georgia,Screven,Bush,Gore,Browne,2461,2233,0.0,52.15,47.32,0.0,R,D,O,GA,13251.0
480,480,Georgia,Seminole,Bush,Gore,Browne,1537,1313,10.0,53.42,45.64,0.35,R,D,O,GA,13253.0
481,481,Georgia,Spalding,Bush,Gore,Browne,9271,5831,187.0,60.24,37.89,1.21,R,D,O,GA,13255.0
482,482,Georgia,Stephens,Bush,Gore,Browne,5370,2869,60.0,64.11,34.25,0.72,R,D,O,GA,13257.0
483,483,Georgia,Stewart,Gore,Bush,Browne,1267,675,1.0,64.84,34.54,0.05,D,R,O,GA,13259.0
484,484,Georgia,Sumter,Bush,Gore,Browne,4847,4748,30.0,49.98,48.96,0.31,R,D,O,GA,13261.0
485,485,Georgia,Talbot,Gore,Bush,Browne,1662,844,8.0,65.67,33.35,0.32,D,R,O,GA,13263.0
486,486,Georgia,Taliaferro,Gore,Bush,Browne,556,271,0.0,66.83,32.57,0.0,D,R,O,GA,13265.0
487,487,Georgia,Tattnall,Bush,Gore,Browne,3597,1963,16.0,64.12,34.99,0.29,R,D,O,GA,13267.0
488,488,Georgia,Taylor,Bush,Gore,Browne,1412,1340,0.0,50.79,48.2,0.0,R,D,O,GA,13269.0
489,489,Georgia,Telfair,Gore,Bush,Browne,1777,1693,0.0,50.87,48.47,0.0,D,R,O,GA,13271.0
490,490,Georgia,Terrell,Gore,Bush,Browne,1584,1504,10.0,50.88,48.31,0.32,D,R,O,GA,13273.0
491,491,Georgia,Thomas,Bush,Gore,Browne,7093,4862,0.0,58.82,40.32,0.0,R,D,O,GA,13275.0
492,492,Georgia,Tift,Bush,Gore,Browne,6678,3547,33.0,64.66,34.34,0.32,R,D,O,GA,13277.0
493,493,Georgia,Toombs,Bush,Gore,Browne,4487,2643,30.0,62.23,36.66,0.42,R,D,O,GA,13279.0
494,494,Georgia,Towns,Bush,Gore,Browne,2902,1495,28.0,64.53,33.24,0.62,R,D,O,GA,13281.0
495,495,Georgia,Treutlen,Bush,Gore,Browne,1062,879,5.0,54.1,44.78,0.25,R,D,O,GA,13283.0
496,496,Georgia,Troup,Bush,Gore,Browne,11198,6379,86.0,62.9,35.83,0.48,R,D,O,GA,13285.0
497,497,Georgia,Turner,Bush,Gore,Browne,1258,1169,7.0,51.22,47.6,0.29,R,D,O,GA,13287.0
498,498,Georgia,Twiggs,Gore,Bush,Browne,1977,1570,39.0,54.69,43.43,1.08,D,R,O,GA,13289.0
499,499,Georgia,Union,Bush,Gore,Browne,4567,2230,53.0,65.66,32.06,0.76,R,D,O,GA,13291.0
500,500,Georgia,Upson,Bush,Gore,Browne,5019,3158,51.0,60.6,38.13,0.62,R,D,O,GA,13293.0
501,501,Georgia,Walker,Bush,Gore,Browne,12326,6341,82.0,65.23,33.56,0.43,R,D,O,GA,13295.0
502,502,Georgia,Walton,Bush,Gore,Browne,12966,5484,474.0,67.95,28.74,2.48,R,D,O,GA,13297.0
503,503,Georgia,Ware,Bush,Gore,Browne,6099,3480,22.0,63.35,36.14,0.23,R,D,O,GA,13299.0
504,504,Georgia,Warren,Gore,Bush,Browne,1196,933,9.0,55.76,43.5,0.42,D,R,O,GA,13301.0
505,505,Georgia,Washington,Gore,Bush,Browne,3476,3162,0.0,51.95,47.26,0.0,D,R,O,GA,13303.0
506,506,Georgia,Wayne,Bush,Gore,Browne,5219,2736,16.0,65.2,34.18,0.2,R,D,O,GA,13305.0
507,507,Georgia,Webster,Gore,Bush,Browne,541,359,3.0,59.52,39.49,0.33,D,R,O,GA,13307.0
508,508,Georgia,Wheeler,Bush,Gore,Browne,813,752,0.0,51.62,47.75,0.0,R,D,O,GA,13309.0
509,509,Georgia,White,Bush,Gore,Browne,4857,2014,81.0,68.96,28.6,1.15,R,D,O,GA,13311.0
510,510,Georgia,Whitfield,Bush,Gore,Browne,15852,7034,96.0,68.03,30.19,0.41,R,D,O,GA,13313.0
511,511,Georgia,Wilcox,Bush,Gore,Browne,1381,962,7.0,58.39,40.68,0.3,R,D,O,GA,13315.0
512,512,Georgia,Wilkes,Bush,Gore,Browne,2044,1940,19.0,50.77,48.19,0.47,R,D,O,GA,13317.0
513,513,Georgia,Wilkinson,Gore,Bush,Browne,1884,1800,28.0,50.37,48.13,0.75,D,R,O,GA,13319.0
514,514,Georgia,Worth,Bush,Gore,Browne,3792,2214,0.0,62.56,36.53,0.0,R,D,O,GA,13321.0
515,515,Hawaii,Hawaii,Gore,Bush,Others,28670,17050,,56.4,33.5,10.1,D,R,O,HI,15001.0
516,516,Hawaii,Maui,Gore,Bush,Others,23484,12876,,59.8,32.8,7.4,D,R,O,HI,15009.0
517,517,Hawaii,Kauai,Gore,Bush,Others,13470,6583,,61.9,30.2,7.9,D,R,O,HI,15007.0
518,518,Hawaii,Honolulu,Gore,Bush,Others,139618,101310,,54.5,39.6,5.9,D,R,O,HI,15003.0
519,519,Idaho,Ada,Bush,Gore,Nader,75050,40650,4846.0,60.78,32.92,3.92,R,D,O,ID,16001.0
520,520,Idaho,Adams,Bush,Gore,Nader,1476,336,41.0,77.3,17.6,2.15,R,D,O,ID,16003.0
521,521,Idaho,Bannock,Bush,Gore,Nader,18223,10892,920.0,59.07,35.3,2.98,R,D,O,ID,16005.0
522,522,Idaho,Bear Lake,Bush,Gore,Nader,2296,517,15.0,79.2,17.83,0.52,R,D,O,ID,16007.0
523,523,Idaho,Benewah,Bush,Gore,Nader,2606,895,56.0,70.68,24.27,1.52,R,D,O,ID,16009.0
524,524,Idaho,Bingham,Bush,Gore,Nader,10628,3310,74.0,73.47,22.88,0.51,R,D,O,ID,16011.0
525,525,Idaho,Blaine,Gore,Bush,Nader,3748,3528,428.0,47.22,44.44,5.39,D,R,O,ID,16013.0
526,526,Idaho,Boise,Bush,Gore,Nader,2019,745,123.0,66.09,24.39,4.03,R,D,O,ID,16015.0
527,527,Idaho,Bonner,Bush,Gore,Nader,8945,4318,893.0,61.53,29.7,6.14,R,D,O,ID,16017.0
528,528,Idaho,Bonneville,Bush,Gore,Nader,24988,7235,363.0,74.47,21.56,1.08,R,D,O,ID,16019.0
529,529,Idaho,Boundary,Bush,Gore,Nader,2797,832,132.0,72.01,21.42,3.4,R,D,O,ID,16021.0
530,530,Idaho,Butte,Bush,Gore,Nader,1054,354,5.0,72.19,24.25,0.34,R,D,O,ID,16023.0
531,531,Idaho,Camas,Bush,Gore,Nader,359,113,7.0,70.81,22.29,1.38,R,D,O,ID,16025.0
532,532,Idaho,Canyon,Bush,Gore,Nader,30560,10588,588.0,71.07,24.62,1.37,R,D,O,ID,16027.0
533,533,Idaho,Caribou,Bush,Gore,Nader,2601,475,28.0,81.87,14.95,0.88,R,D,O,ID,16029.0
534,534,Idaho,Cassia,Bush,Gore,Nader,5983,1087,20.0,82.2,14.93,0.27,R,D,O,ID,16031.0
535,535,Idaho,Clark,Bush,Gore,Nader,311,63,1.0,81.41,16.49,0.26,R,D,O,ID,16033.0
536,536,Idaho,Clearwater,Bush,Gore,Nader,2885,841,34.0,74.05,21.59,0.87,R,D,O,ID,16035.0
537,537,Idaho,Custer,Bush,Gore,Nader,1794,416,44.0,77.0,17.85,1.89,R,D,O,ID,16037.0
538,538,Idaho,Elmore,Bush,Gore,Nader,4891,1840,97.0,70.21,26.41,1.39,R,D,O,ID,16039.0
539,539,Idaho,Franklin,Bush,Gore,Nader,3594,513,19.0,84.7,12.09,0.45,R,D,O,ID,16041.0
540,540,Idaho,Fremont,Bush,Gore,Nader,4242,699,33.0,83.37,13.74,0.65,R,D,O,ID,16043.0
541,541,Idaho,Gem,Bush,Gore,Nader,4376,1346,45.0,73.14,22.5,0.75,R,D,O,ID,16045.0
542,542,Idaho,Gooding,Bush,Gore,Nader,3502,1282,55.0,69.68,25.51,1.09,R,D,O,ID,16047.0
543,543,Idaho,Idaho,Bush,Gore,Nader,5806,1187,106.0,77.91,15.93,1.42,R,D,O,ID,16049.0
544,544,Idaho,Jefferson,Bush,Gore,Nader,6480,1100,25.0,82.7,14.04,0.32,R,D,O,ID,16051.0
545,545,Idaho,Jerome,Bush,Gore,Nader,4418,1360,24.0,73.55,22.64,0.4,R,D,O,ID,16053.0
546,546,Idaho,Kootenai,Bush,Gore,Nader,28162,13488,1083.0,64.28,30.79,2.47,R,D,O,ID,16055.0
547,547,Idaho,Latah,Bush,Gore,Nader,8161,5661,999.0,53.3,36.97,6.52,R,D,O,ID,16057.0
548,548,Idaho,Lemhi,Bush,Gore,Nader,2859,660,12.0,78.52,18.13,0.33,R,D,O,ID,16059.0
549,549,Idaho,Lewis,Bush,Gore,Nader,1295,335,13.0,76.72,19.85,0.77,R,D,O,ID,16061.0
550,550,Idaho,Lincoln,Bush,Gore,Nader,1049,437,18.0,66.65,27.76,1.14,R,D,O,ID,16063.0
551,551,Idaho,Madison,Bush,Gore,Nader,7941,816,37.0,88.53,9.1,0.41,R,D,O,ID,16065.0
552,552,Idaho,Minidoka,Bush,Gore,Nader,4907,1344,30.0,75.28,20.62,0.46,R,D,O,ID,16067.0
553,553,Idaho,Nez Perce,Bush,Gore,Nader,10577,4995,141.0,66.02,31.18,0.88,R,D,O,ID,16069.0
554,554,Idaho,Oneida,Bush,Gore,Nader,1426,307,8.0,79.31,17.07,0.44,R,D,O,ID,16071.0
555,555,Idaho,Owyhee,Bush,Gore,Nader,2450,623,22.0,76.85,19.54,0.69,R,D,O,ID,16073.0
556,556,Idaho,Payette,Bush,Gore,Nader,4961,1643,80.0,72.34,23.96,1.17,R,D,O,ID,16075.0
557,557,Idaho,Power,Bush,Gore,Nader,1872,755,9.0,69.1,27.87,0.33,R,D,O,ID,16077.0
558,558,Idaho,Shoshone,Bush,Gore,Nader,2879,2225,92.0,53.46,41.32,1.71,R,D,O,ID,16079.0
559,559,Idaho,Teton,Bush,Gore,Nader,1745,720,151.0,65.33,26.96,5.65,R,D,O,ID,16081.0
560,560,Idaho,Twin Falls,Bush,Gore,Nader,15794,5777,310.0,70.1,25.64,1.38,R,D,O,ID,16083.0
561,561,Idaho,Valley,Bush,Gore,Nader,2548,1129,201.0,64.05,28.38,5.05,R,D,O,ID,16085.0
562,562,Idaho,Washington,Bush,Gore,Nader,2899,980,64.0,71.23,24.08,1.57,R,D,O,ID,16087.0
563,563,Illinois,Adams,Bush,Gore,Nader,17331,12197,371.0,57.56,40.51,1.23,R,D,O,IL,17001.0
564,564,Illinois,Alexander,Gore,Bush,Nader,2357,1588,28.0,58.6,39.48,0.7,D,R,O,IL,17003.0
565,565,Illinois,Bond,Bush,Gore,Nader,3804,3060,113.0,54.1,43.52,1.61,R,D,O,IL,17005.0
566,566,Illinois,Boone,Bush,Gore,Nader,8617,6481,325.0,55.51,41.75,2.09,R,D,O,IL,17007.0
567,567,Illinois,Brown,Bush,Gore,Nader,1529,1077,29.0,57.48,40.49,1.09,R,D,O,IL,17009.0
568,568,Illinois,Bureau,Bush,Gore,Nader,8526,7754,363.0,50.68,46.09,2.16,R,D,O,IL,17011.0
569,569,Illinois,Calhoun,Gore,Bush,Nader,1310,1229,42.0,50.35,47.23,1.61,D,R,O,IL,17013.0
570,570,Illinois,Carroll,Bush,Gore,Nader,3835,3113,154.0,53.43,43.37,2.15,R,D,O,IL,17015.0
571,571,Illinois,Cass,Bush,Gore,Nader,2968,2789,94.0,50.31,47.28,1.59,R,D,O,IL,17017.0
572,572,Illinois,Champaign,Gore,Bush,Nader,35515,34645,3543.0,47.81,46.64,4.77,D,R,O,IL,17019.0
573,573,Illinois,Christian,Bush,Gore,Nader,7537,6799,269.0,51.03,46.03,1.82,R,D,O,IL,17021.0
574,574,Illinois,Clark,Bush,Gore,Nader,4398,2932,126.0,58.55,39.03,1.68,R,D,O,IL,17023.0
575,575,Illinois,Clay,Bush,Gore,Nader,3789,2212,78.0,61.76,36.06,1.27,R,D,O,IL,17025.0
576,576,Illinois,Clinton,Bush,Gore,Nader,8588,6436,295.0,55.67,41.72,1.91,R,D,O,IL,17027.0
577,577,Illinois,Coles,Bush,Gore,Nader,10495,8904,507.0,52.23,44.31,2.52,R,D,O,IL,17029.0
578,578,Illinois,Cook,Gore,Bush,Nader,1280547,534542,42068.0,68.63,28.65,2.25,D,R,O,IL,17031.0
579,579,Illinois,Crawford,Bush,Gore,Nader,4974,3333,118.0,58.52,39.21,1.39,R,D,O,IL,17033.0
580,580,Illinois,Cumberland,Bush,Gore,Nader,2964,1870,72.0,59.58,37.59,1.45,R,D,O,IL,17035.0
581,581,Illinois,DeKalb,Bush,Gore,Nader,17139,14798,1032.0,51.57,44.53,3.11,R,D,O,IL,17037.0
582,582,Illinois,De Witt,Bush,Gore,Nader,3968,2870,133.0,56.28,40.7,1.89,R,D,O,IL,17039.0
583,583,Illinois,Douglas,Bush,Gore,Nader,4734,3215,132.0,58.07,39.44,1.62,R,D,O,IL,17041.0
584,584,Illinois,DuPage,Bush,Gore,Nader,201037,152550,8711.0,55.18,41.87,2.39,R,D,O,IL,17043.0
585,585,Illinois,Edgar,Bush,Gore,Nader,4833,3216,113.0,58.71,39.07,1.37,R,D,O,IL,17045.0
586,586,Illinois,Edwards,Bush,Gore,Nader,2212,978,42.0,67.85,30.0,1.29,R,D,O,IL,17047.0
587,587,Illinois,Effingham,Bush,Gore,Nader,9855,4225,213.0,68.04,29.17,1.47,R,D,O,IL,17049.0
588,588,Illinois,Fayette,Bush,Gore,Nader,5200,3886,122.0,55.69,41.61,1.31,R,D,O,IL,17051.0
589,589,Illinois,Ford,Bush,Gore,Nader,3889,2090,116.0,63.2,33.97,1.89,R,D,O,IL,17053.0
590,590,Illinois,Franklin,Gore,Bush,Nader,10201,8490,347.0,53.1,44.19,1.81,D,R,O,IL,17055.0
591,591,Illinois,Fulton,Gore,Bush,Nader,8940,6936,276.0,54.92,42.61,1.7,D,R,O,IL,17057.0
592,592,Illinois,Gallatin,Gore,Bush,Nader,1878,1591,40.0,52.78,44.72,1.12,D,R,O,IL,17059.0
593,593,Illinois,Greene,Bush,Gore,Nader,3129,2490,93.0,54.26,43.18,1.61,R,D,O,IL,17061.0
594,594,Illinois,Grundy,Bush,Gore,Nader,8709,7516,257.0,52.51,45.32,1.55,R,D,O,IL,17063.0
595,595,Illinois,Hamilton,Bush,Gore,Nader,2519,1943,75.0,54.92,42.36,1.64,R,D,O,IL,17065.0
596,596,Illinois,Hancock,Bush,Gore,Nader,5134,4256,166.0,52.98,43.92,1.66,R,D,O,IL,17067.0
597,597,Illinois,Hardin,Bush,Gore,Nader,1366,1184,41.0,51.8,44.9,1.55,R,D,O,IL,17069.0
598,598,Illinois,Henderson,Gore,Bush,Nader,2030,1708,74.0,52.51,44.18,1.91,D,R,O,IL,17071.0
599,599,Illinois,Henry,Gore,Bush,Nader,11921,10896,428.0,50.79,46.43,1.82,D,R,O,IL,17073.0
600,600,Illinois,Iroquois,Bush,Gore,Nader,8685,4397,229.0,64.7,32.75,1.71,R,D,O,IL,17075.0
601,601,Illinois,Jackson,Gore,Bush,Nader,11773,9823,1228.0,50.99,42.54,5.32,D,R,O,IL,17077.0
602,602,Illinois,Jasper,Bush,Gore,Nader,3119,1815,50.0,62.12,36.15,1.0,R,D,O,IL,17079.0
603,603,Illinois,Jefferson,Bush,Gore,Nader,8362,6685,211.0,54.44,43.52,1.37,R,D,O,IL,17081.0
604,604,Illinois,Jersey,Bush,Gore,Nader,4699,4355,231.0,49.92,46.27,2.45,R,D,O,IL,17083.0
605,605,Illinois,Jo Daviess,Bush,Gore,Nader,5304,4585,314.0,51.39,44.42,3.04,R,D,O,IL,17085.0
606,606,Illinois,Johnson,Bush,Gore,Nader,3285,1928,83.0,61.26,35.96,1.55,R,D,O,IL,17087.0
607,607,Illinois,Kane,Bush,Gore,Nader,76996,60127,3274.0,54.45,42.52,2.32,R,D,O,IL,17089.0
608,608,Illinois,Kankakee,Bush,Gore,Nader,20049,19180,713.0,49.89,47.73,1.77,R,D,O,IL,17091.0
609,609,Illinois,Kendall,Bush,Gore,Nader,13688,8444,481.0,60.12,37.09,2.11,R,D,O,IL,17093.0
610,610,Illinois,Knox,Gore,Bush,Nader,12572,9912,455.0,54.25,42.77,1.96,D,R,O,IL,17095.0
611,611,Illinois,Lake,Bush,Gore,Nader,120988,115058,4843.0,49.96,47.51,2.0,R,D,O,IL,17097.0
612,612,Illinois,LaSalle,Gore,Bush,Nader,23355,21276,992.0,50.76,46.25,2.16,D,R,O,IL,17099.0
613,613,Illinois,Lawrence,Bush,Gore,Nader,3594,2822,101.0,54.64,42.9,1.54,R,D,O,IL,17101.0
614,614,Illinois,Lee,Bush,Gore,Nader,8069,6111,320.0,55.19,41.8,2.19,R,D,O,IL,17103.0
615,615,Illinois,Livingston,Bush,Gore,Nader,9187,5829,285.0,59.57,37.8,1.85,R,D,O,IL,17105.0
616,616,Illinois,Logan,Bush,Gore,Nader,8141,4600,208.0,62.31,35.21,1.59,R,D,O,IL,17107.0
617,617,Illinois,Macon,Gore,Bush,Nader,24262,23830,982.0,49.02,48.14,1.98,D,R,O,IL,17115.0
618,618,Illinois,Macoupin,Gore,Bush,Nader,11015,9749,426.0,51.5,45.58,1.99,D,R,O,IL,17117.0
619,619,Illinois,Madison,Gore,Bush,Nader,59077,48821,2359.0,53.17,43.94,2.12,D,R,O,IL,17119.0
620,620,Illinois,Marion,Bush,Gore,Nader,8240,8068,238.0,49.45,48.42,1.43,R,D,O,IL,17121.0
621,621,Illinois,Marshall,Bush,Gore,Nader,3145,2570,134.0,53.24,43.51,2.27,R,D,O,IL,17123.0
622,622,Illinois,Mason,Bush,Gore,Nader,3411,3192,117.0,50.37,47.14,1.73,R,D,O,IL,17125.0
623,623,Illinois,Massac,Bush,Gore,Nader,3676,2912,83.0,54.51,43.18,1.23,R,D,O,IL,17127.0
624,624,Illinois,McDonough,Bush,Gore,Nader,6465,6080,364.0,49.68,46.73,2.8,R,D,O,IL,17109.0
625,625,Illinois,McHenry,Bush,Gore,Nader,62112,40698,2751.0,58.49,38.33,2.59,R,D,O,IL,17111.0
626,626,Illinois,McLean,Bush,Gore,Nader,34008,24936,1546.0,55.84,40.95,2.54,R,D,O,IL,17113.0
627,627,Illinois,Menard,Bush,Gore,Nader,3862,2164,135.0,62.27,34.89,2.18,R,D,O,IL,17129.0
628,628,Illinois,Mercer,Gore,Bush,Nader,4400,3688,156.0,52.9,44.34,1.88,D,R,O,IL,17131.0
629,629,Illinois,Monroe,Bush,Gore,Nader,7632,5797,262.0,55.32,42.02,1.9,R,D,O,IL,17133.0
630,630,Illinois,Montgomery,Gore,Bush,Nader,6542,6226,191.0,49.97,47.55,1.46,D,R,O,IL,17135.0
631,631,Illinois,Morgan,Bush,Gore,Nader,8058,5899,253.0,56.22,41.15,1.77,R,D,O,IL,17137.0
632,632,Illinois,Moultrie,Bush,Gore,Nader,3058,2529,78.0,53.41,44.17,1.36,R,D,O,IL,17139.0
633,633,Illinois,Ogle,Bush,Gore,Nader,12325,7673,467.0,59.83,37.25,2.27,R,D,O,IL,17141.0
634,634,Illinois,Peoria,Gore,Bush,Nader,38604,36398,1332.0,50.26,47.39,1.73,D,R,O,IL,17143.0
635,635,Illinois,Perry,Gore,Bush,Nader,4862,4802,173.0,48.9,48.3,1.74,D,R,O,IL,17145.0
636,636,Illinois,Piatt,Bush,Gore,Nader,4619,3488,217.0,55.09,41.6,2.59,R,D,O,IL,17147.0
637,637,Illinois,Pike,Bush,Gore,Nader,4706,3198,115.0,58.01,39.42,1.42,R,D,O,IL,17149.0
638,638,Illinois,Pope,Bush,Gore,Nader,1346,927,31.0,57.77,39.79,1.33,R,D,O,IL,17151.0
639,639,Illinois,Pulaski,Gore,Bush,Nader,1518,1430,31.0,50.33,47.41,1.03,D,R,O,IL,17153.0
640,640,Illinois,Putnam,Gore,Bush,Nader,1657,1437,58.0,52.12,45.2,1.82,D,R,O,IL,17155.0
641,641,Illinois,Randolph,Bush,Gore,Nader,7127,6794,229.0,49.88,47.55,1.6,R,D,O,IL,17157.0
642,642,Illinois,Richland,Bush,Gore,Nader,4718,2491,134.0,63.52,33.54,1.8,R,D,O,IL,17159.0
643,643,Illinois,Rock Island,Gore,Bush,Nader,37957,25194,1364.0,58.31,38.7,2.1,D,R,O,IL,17161.0
644,644,Illinois,St. Clair,Gore,Bush,Nader,55961,42299,1569.0,55.74,42.13,1.56,D,R,O,IL,17163.0
645,645,Illinois,Saline,Bush,Gore,Nader,5933,5427,181.0,50.93,46.58,1.55,R,D,O,IL,17165.0
646,646,Illinois,Sangamon,Bush,Gore,Nader,50374,38414,2001.0,55.06,41.99,2.19,R,D,O,IL,17167.0
647,647,Illinois,Schuyler,Bush,Gore,Nader,2077,1587,72.0,55.06,42.07,1.91,R,D,O,IL,17169.0
648,648,Illinois,Scott,Bush,Gore,Nader,1458,954,31.0,59.05,38.64,1.26,R,D,O,IL,17171.0
649,649,Illinois,Shelby,Bush,Gore,Nader,5851,4018,162.0,57.57,39.54,1.59,R,D,O,IL,17173.0
650,650,Illinois,Stark,Bush,Gore,Nader,1694,1211,55.0,56.67,40.52,1.84,R,D,O,IL,17175.0
651,651,Illinois,Stephenson,Bush,Gore,Nader,10715,8062,476.0,55.29,41.6,2.46,R,D,O,IL,17177.0
652,652,Illinois,Tazewell,Bush,Gore,Nader,31537,25379,1022.0,54.05,43.5,1.75,R,D,O,IL,17179.0
653,653,Illinois,Union,Bush,Gore,Nader,4397,3982,189.0,50.77,45.98,2.18,R,D,O,IL,17181.0
654,654,Illinois,Vermilion,Bush,Gore,Nader,15783,15406,605.0,49.17,47.99,1.88,R,D,O,IL,17183.0
655,655,Illinois,Wabash,Bush,Gore,Nader,3406,1987,75.0,61.84,36.07,1.36,R,D,O,IL,17185.0
656,656,Illinois,Warren,Bush,Gore,Nader,3899,3524,130.0,51.09,46.18,1.7,R,D,O,IL,17187.0
657,657,Illinois,Washington,Bush,Gore,Nader,4353,2638,96.0,60.98,36.96,1.34,R,D,O,IL,17189.0
658,658,Illinois,Wayne,Bush,Gore,Nader,5347,2209,77.0,69.5,28.71,1.0,R,D,O,IL,17191.0
659,659,Illinois,White,Bush,Gore,Nader,4521,2958,113.0,59.2,38.73,1.48,R,D,O,IL,17193.0
660,660,Illinois,Whiteside,Gore,Bush,Nader,12886,11252,515.0,51.88,45.3,2.07,D,R,O,IL,17195.0
661,661,Illinois,Will,Bush,Gore,Nader,95828,90902,3769.0,50.0,47.43,1.97,R,D,O,IL,17197.0
662,662,Illinois,Williamson,Bush,Gore,Nader,14012,12192,476.0,52.01,45.26,1.77,R,D,O,IL,17199.0
663,663,Illinois,Winnebago,Bush,Gore,Nader,53816,51981,2637.0,49.24,47.56,2.41,R,D,O,IL,17201.0
664,664,Illinois,Woodford,Bush,Gore,Nader,10905,5529,263.0,64.94,32.92,1.57,R,D,O,IL,17203.0
665,665,Iowa,Adair,Bush,Gore,Others,2275,1753,95.0,55.2,42.5,2.3,R,D,O,IA,19001.0
666,666,Iowa,Adams,Bush,Gore,Others,1170,897,78.0,54.5,41.8,3.7,R,D,O,IA,19003.0
667,667,Iowa,Allamakee,Bush,Gore,Others,3277,2883,302.0,50.7,44.6,4.7,R,D,O,IA,19005.0
668,668,Iowa,Appanoose,Bush,Gore,Others,2992,2560,152.0,52.5,44.9,2.6,R,D,O,IA,19007.0
669,669,Iowa,Audubon,Bush,Gore,Others,1909,1780,95.0,50.4,47.0,2.5,R,D,O,IA,19009.0
670,670,Iowa,Benton,Gore,Bush,Others,5915,5468,383.0,50.3,46.5,3.3,D,R,O,IA,19011.0
671,671,Iowa,Black Hawk,Gore,Bush,Others,30112,23468,1505.0,54.7,42.6,2.8,D,R,O,IA,19013.0
672,672,Iowa,Boone,Gore,Bush,Others,6270,5625,354.0,51.2,45.9,2.9,D,R,O,IA,19015.0
673,673,Iowa,Bremer,Bush,Gore,Others,5675,5169,331.0,50.8,46.3,2.9,R,D,O,IA,19017.0
674,674,Iowa,Buchanan,Gore,Bush,Others,5045,4092,273.0,53.6,43.5,2.9,D,R,O,IA,19019.0
675,675,Iowa,Buena Vista,Bush,Gore,Others,4354,3297,326.0,54.6,41.3,4.0,R,D,O,IA,19021.0
676,676,Iowa,Butler,Bush,Gore,Others,3837,2735,152.0,57.1,40.7,2.3,R,D,O,IA,19023.0
677,677,Iowa,Calhoun,Bush,Gore,Others,2776,2132,133.0,55.1,42.3,2.6,R,D,O,IA,19025.0
678,678,Iowa,Carroll,Bush,Gore,Others,4879,4463,226.0,51.0,46.6,2.3,R,D,O,IA,19027.0
679,679,Iowa,Cass,Bush,Gore,Others,4206,2481,193.0,61.1,36.1,2.8,R,D,O,IA,19029.0
680,680,Iowa,Cedar,Gore,Bush,Others,4033,4031,280.0,48.3,48.3,3.3,D,R,O,IA,19031.0
681,681,Iowa,Cerro Gordo,Gore,Bush,Others,12185,9397,580.0,55.0,42.4,2.6,D,R,O,IA,19033.0
682,682,Iowa,Cherokee,Bush,Gore,Others,3758,2988,284.0,52.5,43.2,4.3,R,D,O,IA,19035.0
683,683,Iowa,Chickasaw,Gore,Bush,Others,3435,2936,213.0,52.2,44.6,3.2,D,R,O,IA,19037.0
684,684,Iowa,Clarke,Gore,Bush,Others,2081,1984,111.0,49.8,47.5,2.7,D,R,O,IA,19039.0
685,685,Iowa,Clay,Bush,Gore,Others,3992,3294,292.0,52.7,43.5,3.9,R,D,O,IA,19041.0
686,686,Iowa,Clayton,Gore,Bush,Others,4238,4034,299.0,49.4,47.1,3.5,D,R,O,IA,19043.0
687,687,Iowa,Clinton,Gore,Bush,Others,12276,9229,675.0,55.3,41.6,3.0,D,R,O,IA,19045.0
688,688,Iowa,Crawford,Bush,Gore,Others,3482,2838,235.0,53.1,43.3,3.6,R,D,O,IA,19047.0
689,689,Iowa,Dallas,Bush,Gore,Others,10306,8561,463.0,53.3,44.3,2.4,R,D,O,IA,19049.0
690,690,Iowa,Davis,Bush,Gore,Others,1956,1691,111.0,52.0,45.0,3.0,R,D,O,IA,19051.0
691,691,Iowa,Decatur,Bush,Gore,Others,1903,1674,132.0,51.3,45.1,3.5,R,D,O,IA,19053.0
692,692,Iowa,Delaware,Bush,Gore,Others,4273,3808,268.0,51.2,45.6,3.2,R,D,O,IA,19055.0
693,693,Iowa,Des Moines,Gore,Bush,Others,11351,7385,629.0,58.6,38.1,3.2,D,R,O,IA,19057.0
694,694,Iowa,Dickinson,Bush,Gore,Others,4225,3660,236.0,52.0,45.1,2.9,R,D,O,IA,19059.0
695,695,Iowa,Dubuque,Gore,Bush,Others,22341,16462,1520.0,55.4,40.8,3.7,D,R,O,IA,19061.0
696,696,Iowa,Emmet,Bush,Gore,Others,2331,2165,134.0,50.3,46.8,2.9,R,D,O,IA,19063.0
697,697,Iowa,Fayette,Bush,Gore,Others,4747,4640,234.0,49.3,48.2,2.4,R,D,O,IA,19065.0
698,698,Iowa,Floyd,Gore,Bush,Others,3830,3191,217.0,52.9,44.1,3.0,D,R,O,IA,19067.0
699,699,Iowa,Franklin,Bush,Gore,Others,2657,2122,159.0,53.8,43.0,3.2,R,D,O,IA,19069.0
700,700,Iowa,Fremont,Bush,Gore,Others,2069,1459,88.0,57.2,40.3,2.4,R,D,O,IA,19071.0
701,701,Iowa,Greene,Gore,Bush,Others,2301,2282,136.0,48.8,48.4,2.8,D,R,O,IA,19073.0
702,702,Iowa,Grundy,Bush,Gore,Others,3851,2139,121.0,63.0,35.0,1.9,R,D,O,IA,19075.0
703,703,Iowa,Guthrie,Bush,Gore,Others,2840,2493,136.0,51.9,45.6,2.5,R,D,O,IA,19077.0
704,704,Iowa,Hamilton,Bush,Gore,Others,3968,3407,199.0,52.4,45.0,2.7,R,D,O,IA,19079.0
705,705,Iowa,Hancock,Bush,Gore,Others,2988,2281,169.0,54.9,41.9,3.1,R,D,O,IA,19081.0
706,706,Iowa,Hardin,Bush,Gore,Others,4486,3734,215.0,53.2,44.3,2.6,R,D,O,IA,19083.0
707,707,Iowa,Harrison,Bush,Gore,Others,3802,2551,190.0,58.1,39.0,2.9,R,D,O,IA,19085.0
708,708,Iowa,Henry,Bush,Gore,Others,4476,3907,288.0,51.6,45.1,3.3,R,D,O,IA,19087.0
709,709,Iowa,Howard,Gore,Bush,Others,2426,1922,143.0,54.0,42.8,3.2,D,R,O,IA,19089.0
710,710,Iowa,Humboldt,Bush,Gore,Others,2846,1949,145.0,57.6,39.5,2.9,R,D,O,IA,19091.0
711,711,Iowa,Ida,Bush,Gore,Others,1968,1411,112.0,56.4,40.4,3.2,R,D,O,IA,19093.0
712,712,Iowa,Iowa,Bush,Gore,Others,3894,3230,289.0,52.5,43.6,3.9,R,D,O,IA,19095.0
713,713,Iowa,Jackson,Gore,Bush,Others,4945,3769,318.0,54.7,41.7,3.5,D,R,O,IA,19097.0
714,714,Iowa,Jasper,Bush,Gore,Others,8729,8699,407.0,48.9,48.8,2.3,R,D,O,IA,19099.0
715,715,Iowa,Jefferson,Bush,Gore,Others,3248,2863,1437.0,43.0,37.9,19.0,R,D,O,IA,19101.0
716,716,Iowa,Johnson,Gore,Bush,Others,31174,17899,3696.0,59.1,33.9,7.0,D,R,O,IA,19103.0
717,717,Iowa,Jones,Gore,Bush,Others,4690,4201,252.0,51.3,45.9,2.7,D,R,O,IA,19105.0
718,718,Iowa,Keokuk,Bush,Gore,Others,2571,2181,195.0,52.0,44.1,3.9,R,D,O,IA,19107.0
719,719,Iowa,Kossuth,Bush,Gore,Others,4612,3960,306.0,51.9,44.6,3.4,R,D,O,IA,19109.0
720,720,Iowa,Lee,Gore,Bush,Others,9632,6339,601.0,58.1,38.8,3.7,D,R,O,IA,19111.0
721,721,Iowa,Linn,Gore,Bush,Others,48897,40417,2750.0,53.1,43.9,3.0,D,R,O,IA,19113.0
722,722,Iowa,Louisa,Gore,Bush,Others,2294,2207,136.0,49.5,47.6,2.9,D,R,O,IA,19115.0
723,723,Iowa,Lucas,Bush,Gore,Others,2262,1934,107.0,52.6,44.9,2.5,R,D,O,IA,19117.0
724,724,Iowa,Lyon,Bush,Gore,Others,3918,1313,111.0,73.3,24.6,2.1,R,D,O,IA,19119.0
725,725,Iowa,Madison,Bush,Gore,Others,3662,3093,214.0,52.5,44.4,3.0,R,D,O,IA,19121.0
726,726,Iowa,Mahaska,Bush,Gore,Others,5971,3370,202.0,62.6,35.3,2.1,R,D,O,IA,19123.0
727,727,Iowa,Marion,Bush,Gore,Others,8358,5741,309.0,58.0,39.8,2.1,R,D,O,IA,19125.0
728,728,Iowa,Marshall,Bush,Gore,Others,8785,8322,517.0,49.8,47.2,2.9,R,D,O,IA,19127.0
729,729,Iowa,Mills,Bush,Gore,Others,3684,2039,192.0,62.3,34.5,3.2,R,D,O,IA,19129.0
730,730,Iowa,Mitchell,Gore,Bush,Others,2650,2388,124.0,51.3,46.3,2.4,D,R,O,IA,19131.0
731,731,Iowa,Monona,Bush,Gore,Others,2304,2086,170.0,50.5,45.7,3.7,R,D,O,IA,19133.0
732,732,Iowa,Monroe,Bush,Gore,Others,1858,1699,90.0,50.9,46.6,2.5,R,D,O,IA,19135.0
733,733,Iowa,Montgomery,Bush,Gore,Others,3417,1838,139.0,63.3,34.1,2.6,R,D,O,IA,19137.0
734,734,Iowa,Muscatine,Gore,Bush,Others,8058,7483,535.0,50.1,46.5,3.3,D,R,O,IA,19139.0
735,735,Iowa,O'Brien,Bush,Gore,Others,4674,2170,200.0,66.4,30.8,2.8,R,D,O,IA,19141.0
736,736,Iowa,Osceola,Bush,Gore,Others,2064,913,86.0,67.4,29.8,2.8,R,D,O,IA,19143.0
737,737,Iowa,Page,Bush,Gore,Others,4588,2293,178.0,65.0,32.5,2.6,R,D,O,IA,19145.0
738,738,Iowa,Palo Alto,Bush,Gore,Others,2341,2326,156.0,48.5,48.2,3.3,R,D,O,IA,19147.0
739,739,Iowa,Plymouth,Bush,Gore,Others,6189,3499,430.0,61.2,34.6,4.3,R,D,O,IA,19149.0
740,740,Iowa,Pocahontas,Bush,Gore,Others,2242,1736,163.0,54.1,41.9,4.0,R,D,O,IA,19151.0
741,741,Iowa,Polk,Gore,Bush,Others,89715,79927,4525.0,51.5,45.9,2.6,D,R,O,IA,19153.0
742,742,Iowa,Pottawattamie,Bush,Gore,Others,18783,14726,958.0,54.5,42.7,2.8,R,D,O,IA,19155.0
743,743,Iowa,Poweshiek,Bush,Gore,Others,4396,4222,362.0,49.0,47.0,4.0,R,D,O,IA,19157.0
744,744,Iowa,Ringgold,Bush,Gore,Others,1369,1246,77.0,50.9,46.3,2.8,R,D,O,IA,19159.0
745,745,Iowa,Sac,Bush,Gore,Others,2776,2099,158.0,55.2,41.7,3.1,R,D,O,IA,19161.0
746,746,Iowa,Scott,Gore,Bush,Others,35857,32801,1910.0,50.8,46.5,2.7,D,R,O,IA,19163.0
747,747,Iowa,Shelby,Bush,Gore,Others,3655,2179,175.0,60.8,36.3,2.9,R,D,O,IA,19165.0
748,748,Iowa,Sioux,Bush,Gore,Others,12241,2148,303.0,83.3,14.6,2.1,R,D,O,IA,19167.0
749,749,Iowa,Story,Gore,Bush,Others,17478,16228,1658.0,49.4,45.9,4.7,D,R,O,IA,19169.0
750,750,Iowa,Tama,Gore,Bush,Others,4045,4034,236.0,48.6,48.5,2.8,D,R,O,IA,19171.0
751,751,Iowa,Taylor,Bush,Gore,Others,1770,1247,79.0,57.2,40.3,2.6,R,D,O,IA,19173.0
752,752,Iowa,Union,Bush,Gore,Others,3003,2540,197.0,52.3,44.3,3.5,R,D,O,IA,19175.0
753,753,Iowa,Van Buren,Bush,Gore,Others,2016,1440,105.0,56.6,40.4,2.9,R,D,O,IA,19177.0
754,754,Iowa,Wapello,Gore,Bush,Others,8355,6313,471.0,55.2,41.7,3.1,D,R,O,IA,19179.0
755,755,Iowa,Warren,Bush,Gore,Others,9621,9521,511.0,49.0,48.4,2.6,R,D,O,IA,19181.0
756,756,Iowa,Washington,Bush,Gore,Others,4827,3932,335.0,53.1,43.2,3.7,R,D,O,IA,19183.0
757,757,Iowa,Wayne,Bush,Gore,Others,1666,1300,55.0,55.1,43.0,1.8,R,D,O,IA,19185.0
758,758,Iowa,Webster,Gore,Bush,Others,8479,8172,397.0,49.7,47.9,2.4,D,R,O,IA,19187.0
759,759,Iowa,Winnebago,Gore,Bush,Others,2691,2662,174.0,48.7,48.2,3.2,D,R,O,IA,19189.0
760,760,Iowa,Winneshiek,Bush,Gore,Others,4647,4339,431.0,49.3,46.1,4.5,R,D,O,IA,19191.0
761,761,Iowa,Woodbury,Bush,Gore,Others,18864,17691,1341.0,49.8,46.7,3.5,R,D,O,IA,19193.0
762,762,Iowa,Worth,Gore,Bush,Others,2208,1659,137.0,55.1,41.4,3.4,D,R,O,IA,19195.0
763,763,Iowa,Wright,Bush,Gore,Others,3384,2796,156.0,53.4,44.1,2.5,R,D,O,IA,19197.0
764,764,Maine,Androscoggin,Gore,Bush,Nader,26251,19948,2388.0,53.3,40.5,4.8,D,R,O,ME,23001.0
765,765,Maine,Aroostook,Gore,Bush,Nader,17196,16555,1055.0,48.9,47.1,3.0,D,R,O,ME,23003.0
766,766,Maine,Cumberland,Gore,Bush,Nader,74203,58543,8576.0,52.0,41.0,6.0,D,R,O,ME,23005.0
767,767,Maine,Franklin,Gore,Bush,Nader,7593,6459,1115.0,49.2,41.8,7.2,D,R,O,ME,23007.0
768,768,Maine,Hancock,Gore,Bush,Nader,12983,12732,2513.0,45.4,44.6,8.8,D,R,O,ME,23009.0
769,769,Maine,Kennebec,Gore,Bush,Nader,31198,23967,2955.0,53.0,40.7,5.0,D,R,O,ME,23011.0
770,770,Maine,Knox,Gore,Bush,Nader,9453,8968,1810.0,46.1,43.7,8.8,D,R,O,ME,23013.0
771,771,Maine,Lincoln,Bush,Gore,Nader,9457,8634,1323.0,48.1,43.9,6.7,R,D,O,ME,23015.0
772,772,Maine,Oxford,Gore,Bush,Nader,13649,11835,1509.0,49.6,43.0,5.5,D,R,O,ME,23017.0
773,773,Maine,Penobscot,Bush,Gore,Nader,35620,32868,3772.0,48.7,44.9,5.2,R,D,O,ME,23019.0
774,774,Maine,Piscataquis,Bush,Gore,Nader,4845,3745,471.0,52.3,40.5,5.1,R,D,O,ME,23021.0
775,775,Maine,Sagadahoc,Gore,Bush,Nader,8844,8052,1278.0,48.0,43.7,6.9,D,R,O,ME,23023.0
776,776,Maine,Somerset,Gore,Bush,Nader,11538,10684,1239.0,48.2,44.6,5.2,D,R,O,ME,23025.0
777,777,Maine,Waldo,Bush,Gore,Nader,8689,8477,1690.0,45.4,44.3,8.8,R,D,O,ME,23027.0
778,778,Maine,Washington,Bush,Gore,Nader,7958,6701,802.0,50.7,42.7,5.1,R,D,O,ME,23029.0
779,779,Maine,York,Gore,Bush,Nader,46618,42304,4631.0,49.3,44.7,4.9,D,R,O,ME,23031.0
780,780,Massachusetts,Suffolk,Gore,Bush,Nader,154888,44441,15051.0,71.4,20.5,6.9,D,R,O,MA,25025.0
781,781,Massachusetts,Bristol,Gore,Bush,Nader,136325,62848,9554.0,64.5,29.7,4.5,D,R,O,MA,25005.0
782,782,Massachusetts,Berkshire,Gore,Bush,Nader,37934,15805,4472.0,63.9,26.6,7.5,D,R,O,MA,25003.0
783,783,Massachusetts,Dukes,Gore,Bush,Nader,5474,2315,983.0,61.8,26.1,11.1,D,R,O,MA,25007.0
784,784,Massachusetts,Middlesex,Gore,Bush,Nader,404043,198914,45529.0,61.5,30.3,6.9,D,R,O,MA,25017.0
785,785,Massachusetts,Norfolk,Gore,Bush,Nader,188450,107033,17505.0,59.4,33.7,5.5,D,R,O,MA,25021.0
786,786,Massachusetts,Nantucket,Gore,Bush,Nader,2874,1624,378.0,58.3,33.0,7.7,D,R,O,MA,25019.0
787,787,Massachusetts,Hampden,Gore,Bush,Nader,100103,59558,10326.0,58.2,34.6,6.0,D,R,O,MA,25013.0
788,788,Massachusetts,Essex,Gore,Bush,Nader,178400,110010,17955.0,57.5,35.4,5.8,D,R,O,MA,25009.0
789,789,Massachusetts,Hampshire,Gore,Bush,Nader,38543,19202,10010.0,56.2,28.0,14.6,D,R,O,MA,25015.0
790,790,Massachusetts,Worcester,Gore,Bush,Nader,173679,114139,18177.0,56.0,36.8,5.9,D,R,O,MA,25027.0
791,791,Massachusetts,Plymouth,Gore,Bush,Nader,115376,82751,11021.0,54.5,39.1,5.2,D,R,O,MA,25023.0
792,792,Massachusetts,Franklin,Gore,Bush,Nader,17945,10176,4627.0,53.8,30.5,13.9,D,R,O,MA,25011.0
793,793,Massachusetts,Barnstable,Gore,Bush,Nader,62363,49686,7976.0,51.5,41.0,6.6,D,R,O,MA,25001.0
794,794,Nevada,Churchill,Bush,Gore,Others,6237,2191,395.0,70.7,24.8,4.5,R,D,O,NV,32001.0
795,795,Nevada,Clark,Gore,Bush,Others,196100,170932,15166.0,51.3,44.7,4.0,D,R,O,NV,32003.0
796,796,Nevada,Douglas,Bush,Gore,Others,11193,5837,944.0,62.3,32.5,5.2,R,D,O,NV,32005.0
797,797,Nevada,Elko,Bush,Gore,Others,11025,2542,613.0,77.8,17.9,4.3,R,D,O,NV,32007.0
798,798,Nevada,Esmeralda,Bush,Gore,Others,333,116,42.0,67.8,23.6,8.6,R,D,O,NV,32009.0
799,799,Nevada,Eureka,Bush,Gore,Others,632,150,66.0,75.5,17.9,3.1,R,D,O,NV,32011.0
800,800,Nevada,Humboldt,Bush,Gore,Others,3638,1128,264.0,72.3,22.4,5.3,R,D,O,NV,32013.0
801,801,Nevada,Lander,Bush,Gore,Others,1619,395,105.0,76.4,18.6,5.0,R,D,O,NV,32015.0
802,802,Nevada,Lincoln,Bush,Gore,Others,1372,461,123.0,70.2,23.6,6.2,R,D,O,NV,32017.0
803,803,Nevada,Lyon,Bush,Gore,Others,7270,3955,767.0,60.6,33.0,6.4,R,D,O,NV,32019.0
804,804,Nevada,Mineral,Bush,Gore,Others,1227,916,150.0,53.5,40.0,6.5,R,D,O,NV,32021.0
805,805,Nevada,Nye,Bush,Gore,Others,6904,4525,752.0,56.7,37.2,6.1,R,D,O,NV,32023.0
806,806,Nevada,Pershing,Bush,Gore,Others,1221,476,105.0,67.8,26.4,5.8,R,D,O,NV,32027.0
807,807,Nevada,Storey,Bush,Gore,Others,1014,666,118.0,56.4,37.0,6.6,R,D,O,NV,32029.0
808,808,Nevada,Washoe,Bush,Gore,Others,63640,52097,6564.0,52.0,42.6,5.4,R,D,O,NV,32031.0
809,809,Nevada,White Pine,Bush,Gore,Others,2234,1069,240.0,63.1,30.2,6.7,R,D,O,NV,32033.0
810,810,New Hampshire,Belknap,Bush,Gore,Others,14799,10719,1277.0,55.2,40.0,4.7,R,D,O,NH,33001.0
811,811,New Hampshire,Carroll,Bush,Gore,Others,12597,9852,1430.0,52.8,41.3,5.9,R,D,O,NH,33003.0
812,812,New Hampshire,Cheshire,Gore,Bush,Others,17382,13793,2220.0,52.1,41.3,6.6,D,R,O,NH,33005.0
813,813,New Hampshire,Coos,Bush,Gore,Others,7329,6570,701.0,50.2,45.0,4.8,R,D,O,NH,33007.0
814,814,New Hampshire,Grafton,Gore,Bush,Others,18326,18092,2315.0,47.3,46.7,6.0,D,R,O,NH,33009.0
815,815,New Hampshire,Hillsborough,Bush,Gore,Others,80649,77625,7487.0,48.7,46.8,4.5,R,D,O,NH,33011.0
816,816,New Hampshire,Merrimack,Gore,Bush,Others,30622,30028,3034.0,48.1,47.2,4.8,D,R,O,NH,33013.0
817,817,New Hampshire,Rockingham,Bush,Gore,Others,65860,61628,6685.0,49.1,45.9,5.0,R,D,O,NH,33015.0
818,818,New Hampshire,Strafford,Gore,Bush,Others,25400,21108,2885.0,51.4,42.7,5.8,D,R,O,NH,33017.0
819,819,New Hampshire,Sullivan,Bush,Gore,Others,9304,8224,1140.0,49.8,44.1,6.1,R,D,O,NH,33019.0
820,820,Ohio,Adams,Bush,Gore,Others,6380,3581,274.0,62.34,34.99,2.68,R,D,O,OH,39001.0
821,821,Ohio,Allen,Bush,Gore,Others,28647,13996,1152.0,65.41,31.96,2.64,R,D,O,OH,39003.0
822,822,Ohio,Ashland,Bush,Gore,Others,13533,6685,1040.0,63.66,31.45,4.9,R,D,O,OH,39005.0
823,823,Ohio,Ashtabula,Gore,Bush,Others,19831,17940,1701.0,50.24,45.45,4.32,D,R,O,OH,39007.0
824,824,Ohio,Athens,Gore,Bush,Others,13158,9703,2586.0,51.71,38.13,10.16,D,R,O,OH,39009.0
825,825,Ohio,Auglaize,Bush,Gore,Others,13770,5564,558.0,69.22,27.97,2.8,R,D,O,OH,39011.0
826,826,Ohio,Belmont,Gore,Bush,Others,15980,12625,1536.0,53.02,41.89,5.1,D,R,O,OH,39013.0
827,827,Ohio,Brown,Bush,Gore,Others,10027,5972,430.0,61.03,36.35,2.63,R,D,O,OH,39015.0
828,828,Ohio,Butler,Bush,Gore,Others,86587,46390,3760.0,63.62,33.93,2.75,R,D,O,OH,39017.0
829,829,Ohio,Carroll,Bush,Gore,Others,6732,4960,569.0,54.91,40.45,4.64,R,D,O,OH,39019.0
830,830,Ohio,Champaign,Bush,Gore,Others,9220,5955,505.0,58.8,37.98,3.22,R,D,O,OH,39021.0
831,831,Ohio,Clark,Gore,Bush,Others,27984,27660,1915.0,48.62,48.06,3.32,D,R,O,OH,39023.0
832,832,Ohio,Clermont,Bush,Gore,Others,47129,20927,1821.0,67.45,29.95,2.59,R,D,O,OH,39025.0
833,833,Ohio,Clinton,Bush,Gore,Others,9824,4791,455.0,65.19,31.79,3.02,R,D,O,OH,39027.0
834,834,Ohio,Columbiana,Bush,Gore,Others,21804,20657,1966.0,49.08,46.5,4.42,R,D,O,OH,39029.0
835,835,Ohio,Coshocton,Bush,Gore,Others,8243,5594,431.0,57.77,39.21,2.99,R,D,O,OH,39031.0
836,836,Ohio,Crawford,Bush,Gore,Others,11666,6721,789.0,60.84,35.05,4.12,R,D,O,OH,39033.0
837,837,Ohio,Cuyahoga,Gore,Bush,Others,359913,192099,22770.0,62.62,33.42,3.96,D,R,O,OH,39035.0
838,838,Ohio,Darke,Bush,Gore,Others,14817,7741,709.0,63.68,33.27,3.04,R,D,O,OH,39037.0
839,839,Ohio,Defiance,Bush,Gore,Others,9540,6175,527.0,58.74,38.02,3.25,R,D,O,OH,39039.0
840,840,Ohio,Delaware,Bush,Gore,Others,36639,17134,1630.0,66.13,30.93,2.94,R,D,O,OH,39041.0
841,841,Ohio,Erie,Gore,Bush,Others,17732,16105,1178.0,50.64,45.99,3.37,D,R,O,OH,39043.0
842,842,Ohio,Fairfield,Bush,Gore,Others,33523,19065,1506.0,61.97,35.24,2.79,R,D,O,OH,39045.0
843,843,Ohio,Fayette,Bush,Gore,Others,5685,3363,230.0,61.27,36.25,2.48,R,D,O,OH,39047.0
844,844,Ohio,Franklin,Gore,Bush,Others,202018,197862,14194.0,48.79,47.78,3.42,D,R,O,OH,39049.0
845,845,Ohio,Fulton,Bush,Gore,Others,11546,6805,545.0,61.1,36.01,2.89,R,D,O,OH,39051.0
846,846,Ohio,Gallia,Bush,Gore,Others,7511,4872,393.0,58.79,38.13,3.07,R,D,O,OH,39053.0
847,847,Ohio,Geauga,Bush,Gore,Others,25417,15327,1856.0,59.66,35.98,4.36,R,D,O,OH,39055.0
848,848,Ohio,Greene,Bush,Gore,Others,37946,25059,2199.0,58.2,38.43,3.37,R,D,O,OH,39057.0
849,849,Ohio,Guernsey,Bush,Gore,Others,8181,6643,606.0,53.02,43.05,3.92,R,D,O,OH,39059.0
850,850,Ohio,Hamilton,Bush,Gore,Others,204175,161578,12146.0,54.03,42.76,3.22,R,D,O,OH,39061.0
851,851,Ohio,Hancock,Bush,Gore,Others,20985,8798,834.0,68.54,28.74,2.72,R,D,O,OH,39063.0
852,852,Ohio,Hardin,Bush,Gore,Others,7124,4557,387.0,59.03,37.76,3.2,R,D,O,OH,39065.0
853,853,Ohio,Harrison,Bush,Gore,Others,3417,3351,393.0,47.72,46.8,5.49,R,D,O,OH,39067.0
854,854,Ohio,Henry,Bush,Gore,Others,8530,4367,355.0,64.37,32.95,2.68,R,D,O,OH,39069.0
855,855,Ohio,Highland,Bush,Gore,Others,9728,5328,391.0,62.98,34.49,2.54,R,D,O,OH,39071.0
856,856,Ohio,Hocking,Bush,Gore,Others,5702,4474,580.0,53.01,41.6,5.4,R,D,O,OH,39073.0
857,857,Ohio,Holmes,Bush,Gore,Others,6754,2066,325.0,73.85,22.59,3.55,R,D,O,OH,39075.0
858,858,Ohio,Huron,Bush,Gore,Others,12286,8183,891.0,57.52,38.31,4.17,R,D,O,OH,39077.0
859,859,Ohio,Jackson,Bush,Gore,Others,6958,5131,401.0,55.71,41.08,3.21,R,D,O,OH,39079.0
860,860,Ohio,Jefferson,Gore,Bush,Others,17488,15038,2110.0,50.49,43.42,6.1,D,R,O,OH,39081.0
861,861,Ohio,Knox,Bush,Gore,Others,13393,7133,734.0,63.0,33.55,3.46,R,D,O,OH,39083.0
862,862,Ohio,Lake,Bush,Gore,Others,51747,46497,4320.0,50.45,45.33,4.22,R,D,O,OH,39085.0
863,863,Ohio,Lawrence,Bush,Gore,Others,12531,11307,614.0,51.25,46.24,2.51,R,D,O,OH,39087.0
864,864,Ohio,Licking,Bush,Gore,Others,37180,23196,2090.0,59.52,37.13,3.35,R,D,O,OH,39089.0
865,865,Ohio,Logan,Bush,Gore,Others,11849,5945,661.0,64.2,32.21,3.58,R,D,O,OH,39091.0
866,866,Ohio,Lorain,Gore,Bush,Others,59809,47957,4414.0,53.32,42.75,3.93,D,R,O,OH,39093.0
867,867,Ohio,Lucas,Gore,Bush,Others,108344,73342,5664.0,57.83,39.15,3.03,D,R,O,OH,39095.0
868,868,Ohio,Madison,Bush,Gore,Others,8892,5287,488.0,60.63,36.05,3.32,R,D,O,OH,39097.0
869,869,Ohio,Mahoning,Gore,Bush,Others,69212,40460,4447.0,60.65,35.45,3.89,D,R,O,OH,39099.0
870,870,Ohio,Marion,Bush,Gore,Others,13617,10370,828.0,54.87,41.79,3.33,R,D,O,OH,39101.0
871,871,Ohio,Medina,Bush,Gore,Others,37349,26635,2899.0,55.84,39.82,4.34,R,D,O,OH,39103.0
872,872,Ohio,Meigs,Bush,Gore,Others,5750,3674,371.0,58.7,37.51,3.8,R,D,O,OH,39105.0
873,873,Ohio,Mercer,Bush,Gore,Others,12485,5212,597.0,68.25,28.49,3.26,R,D,O,OH,39107.0
874,874,Ohio,Miami,Bush,Gore,Others,26037,15584,1220.0,60.78,36.38,2.84,R,D,O,OH,39109.0
875,875,Ohio,Monroe,Gore,Bush,Others,3605,3145,365.0,50.67,44.2,5.12,D,R,O,OH,39111.0
876,876,Ohio,Montgomery,Gore,Bush,Others,114597,109792,6598.0,49.61,47.53,2.86,D,R,O,OH,39113.0
877,877,Ohio,Morgan,Bush,Gore,Others,3451,2261,281.0,57.58,37.73,4.68,R,D,O,OH,39115.0
878,878,Ohio,Morrow,Bush,Gore,Others,7842,4529,468.0,61.08,35.28,3.66,R,D,O,OH,39117.0
879,879,Ohio,Muskingum,Bush,Gore,Others,17995,13415,1214.0,55.16,41.12,3.72,R,D,O,OH,39119.0
880,880,Ohio,Noble,Bush,Gore,Others,3435,2296,257.0,57.36,38.34,4.29,R,D,O,OH,39121.0
881,881,Ohio,Ottawa,Bush,Gore,Others,9917,9485,566.0,49.66,47.5,2.84,R,D,O,OH,39123.0
882,882,Ohio,Paulding,Bush,Gore,Others,5210,3384,352.0,58.24,37.83,3.94,R,D,O,OH,39125.0
883,883,Ohio,Perry,Bush,Gore,Others,6440,5895,493.0,50.2,45.95,3.84,R,D,O,OH,39127.0
884,884,Ohio,Pickaway,Bush,Gore,Others,10717,6598,425.0,60.41,37.19,2.39,R,D,O,OH,39129.0
885,885,Ohio,Pike,Bush,Gore,Others,5333,4923,304.0,50.5,46.62,2.88,R,D,O,OH,39131.0
886,886,Ohio,Portage,Gore,Bush,Others,31446,28271,3182.0,49.99,44.95,5.06,D,R,O,OH,39133.0
887,887,Ohio,Preble,Bush,Gore,Others,11176,6375,615.0,61.52,35.09,3.38,R,D,O,OH,39135.0
888,888,Ohio,Putnam,Bush,Gore,Others,12837,4063,444.0,74.01,23.43,2.55,R,D,O,OH,39137.0
889,889,Ohio,Richland,Bush,Gore,Others,30138,20572,2069.0,57.1,38.98,3.92,R,D,O,OH,39139.0
890,890,Ohio,Ross,Bush,Gore,Others,13706,11662,648.0,52.68,44.83,2.49,R,D,O,OH,39141.0
891,891,Ohio,Sandusky,Bush,Gore,Others,13699,11146,899.0,53.21,43.3,3.49,R,D,O,OH,39143.0
892,892,Ohio,Scioto,Bush,Gore,Others,15022,13997,926.0,50.17,46.74,3.09,R,D,O,OH,39145.0
893,893,Ohio,Seneca,Bush,Gore,Others,13863,9512,976.0,56.93,39.06,4.01,R,D,O,OH,39147.0
894,894,Ohio,Shelby,Bush,Gore,Others,12476,6593,601.0,63.43,33.52,3.04,R,D,O,OH,39149.0
895,895,Ohio,Stark,Bush,Gore,Others,78153,75308,6383.0,48.89,47.11,4.0,R,D,O,OH,39151.0
896,896,Ohio,Summit,Gore,Bush,Others,119759,96721,8359.0,53.26,43.02,3.72,D,R,O,OH,39153.0
897,897,Ohio,Trumbull,Gore,Bush,Others,57643,34654,3942.0,59.9,36.01,4.1,D,R,O,OH,39155.0
898,898,Ohio,Tuscarawas,Bush,Gore,Others,19549,15879,1690.0,52.67,42.78,4.56,R,D,O,OH,39157.0
899,899,Ohio,Union,Bush,Gore,Others,11502,5040,482.0,67.56,29.61,2.83,R,D,O,OH,39159.0
900,900,Ohio,Van Wert,Bush,Gore,Others,8679,4209,331.0,65.66,31.84,2.51,R,D,O,OH,39161.0
901,901,Ohio,Vinton,Bush,Gore,Others,2720,2037,189.0,54.99,41.18,3.81,R,D,O,OH,39163.0
902,902,Ohio,Warren,Bush,Gore,Others,48318,19142,1618.0,69.95,27.71,2.34,R,D,O,OH,39165.0
903,903,Ohio,Washington,Bush,Gore,Others,15342,10383,790.0,57.86,39.16,2.98,R,D,O,OH,39167.0
904,904,Ohio,Wayne,Bush,Gore,Others,25901,14779,1756.0,61.04,34.83,4.14,R,D,O,OH,39169.0
905,905,Ohio,Williams,Bush,Gore,Others,9941,5454,524.0,62.45,34.26,3.29,R,D,O,OH,39171.0
906,906,Ohio,Wood,Bush,Gore,Others,27504,22687,2003.0,52.7,43.47,3.84,R,D,O,OH,39173.0
907,907,Ohio,Wyandot,Bush,Gore,Others,6113,3397,317.0,62.21,34.57,3.22,R,D,O,OH,39175.0
908,908,Oregon,Baker,Bush,Gore,Nader,5618,2195,289.0,68.03,26.58,3.5,R,D,O,OR,41001.0
909,909,Oregon,Benton,Gore,Bush,Nader,19444,15825,2463.0,50.87,41.4,6.44,D,R,O,OR,41003.0
910,910,Oregon,Clackamas,Bush,Gore,Nader,77539,76421,6357.0,47.79,47.1,3.92,R,D,O,OR,41005.0
911,911,Oregon,Clatsop,Gore,Bush,Nader,8296,6950,939.0,50.36,42.19,5.7,D,R,O,OR,41007.0
912,912,Oregon,Columbia,Gore,Bush,Nader,10331,9369,970.0,48.74,44.2,4.58,D,R,O,OR,41009.0
913,913,Oregon,Coos,Bush,Gore,Nader,15626,11610,1410.0,53.19,39.52,4.8,R,D,O,OR,41011.0
914,914,Oregon,Crook,Bush,Gore,Nader,5363,2474,258.0,64.79,29.89,3.12,R,D,O,OR,41013.0
915,915,Oregon,Curry,Bush,Gore,Nader,6551,4090,603.0,56.9,35.53,5.24,R,D,O,OR,41015.0
916,916,Oregon,Deschutes,Bush,Gore,Nader,32132,22061,2799.0,55.51,38.11,4.84,R,D,O,OR,41017.0
917,917,Oregon,Douglas,Bush,Gore,Nader,30294,14193,1768.0,64.16,30.06,3.74,R,D,O,OR,41019.0
918,918,Oregon,Gilliam,Bush,Gore,Nader,679,359,37.0,62.29,32.94,3.39,R,D,O,OR,41021.0
919,919,Oregon,Grant,Bush,Gore,Nader,3078,589,98.0,80.03,15.31,2.55,R,D,O,OR,41023.0
920,920,Oregon,Harney,Bush,Gore,Nader,2799,766,84.0,74.96,20.51,2.25,R,D,O,OR,41025.0
921,921,Oregon,Hood River,Gore,Bush,Nader,4072,3721,645.0,47.63,43.53,7.54,D,R,O,OR,41027.0
922,922,Oregon,Jackson,Bush,Gore,Nader,46052,33153,4207.0,54.31,39.1,4.96,R,D,O,OR,41029.0
923,923,Oregon,Jefferson,Bush,Gore,Nader,3838,2681,247.0,55.64,38.87,3.58,R,D,O,OR,41031.0
924,924,Oregon,Josephine,Bush,Gore,Nader,22186,11864,1783.0,60.39,32.29,4.85,R,D,O,OR,41033.0
925,925,Oregon,Klamath,Bush,Gore,Nader,18855,7541,867.0,67.73,27.08,3.11,R,D,O,OR,41035.0
926,926,Oregon,Lake,Bush,Gore,Nader,2830,707,108.0,75.89,18.95,2.89,R,D,O,OR,41037.0
927,927,Oregon,Lane,Gore,Bush,Nader,78583,61578,10245.0,51.63,40.46,6.73,D,R,O,OR,41039.0
928,928,Oregon,Lincoln,Gore,Bush,Nader,10861,8446,1435.0,51.43,39.99,6.8,D,R,O,OR,41041.0
929,929,Oregon,Linn,Bush,Gore,Nader,25359,16682,1617.0,57.13,37.58,3.64,R,D,O,OR,41043.0
930,930,Oregon,Malheur,Bush,Gore,Nader,7624,2336,248.0,73.27,22.45,2.38,R,D,O,OR,41045.0
931,931,Oregon,Marion,Bush,Gore,Nader,57443,49430,4679.0,50.69,43.62,4.13,R,D,O,OR,41047.0
932,932,Oregon,Morrow,Bush,Gore,Nader,2224,1197,87.0,61.62,33.17,2.41,R,D,O,OR,41049.0
933,933,Oregon,Multnomah,Gore,Bush,Nader,188441,83677,21048.0,63.51,28.2,7.09,D,R,O,OR,41051.0
934,934,Oregon,Polk,Bush,Gore,Nader,14988,11921,1201.0,52.68,41.9,4.22,R,D,O,OR,41053.0
935,935,Oregon,Sherman,Bush,Gore,Nader,679,326,36.0,63.94,30.7,3.39,R,D,O,OR,41055.0
936,936,Oregon,Tillamook,Bush,Gore,Nader,5775,5762,613.0,46.66,46.56,4.95,R,D,O,OR,41057.0
937,937,Oregon,Umatilla,Bush,Gore,Nader,14140,7809,655.0,61.32,33.86,2.84,R,D,O,OR,41059.0
938,938,Oregon,Union,Bush,Gore,Nader,7836,3577,436.0,64.89,29.62,3.61,R,D,O,OR,41061.0
939,939,Oregon,Wallowa,Bush,Gore,Nader,3279,836,114.0,76.36,19.47,2.65,R,D,O,OR,41063.0
940,940,Oregon,Wasco,Bush,Gore,Nader,5356,4616,513.0,50.23,43.29,4.81,R,D,O,OR,41065.0
941,941,Oregon,Washington,Gore,Bush,Nader,90662,86091,6985.0,48.75,46.29,3.76,D,R,O,OR,41067.0
942,942,Oregon,Wheeler,Bush,Gore,Nader,584,202,27.0,69.44,24.02,3.21,R,D,O,OR,41069.0
943,943,Oregon,Yamhill,Bush,Gore,Nader,19193,14254,1486.0,54.01,40.11,4.18,R,D,O,OR,41071.0
944,944,Rhode Island,Providence,Gore,Bush,Others,142469,61378,14461.0,65.26,28.12,6.62,D,R,O,,
945,945,Rhode Island,Bristol,Gore,Bush,Others,13424,8375,1473.0,57.68,35.99,6.33,D,R,O,,
946,946,Rhode Island,Newport,Gore,Bush,Others,20790,14258,2790.0,54.94,37.68,7.38,D,R,O,,
947,947,Rhode Island,Washington,Gore,Bush,Others,29560,21253,5411.0,52.58,37.8,9.62,D,R,O,,
948,948,Rhode Island,Kent,Gore,Bush,Others,43265,25291,4914.0,58.89,34.42,6.69,D,R,O,,
949,949,Vermont,Addison,Gore,Bush,Nader,8936,6953,1207.0,51.3,39.9,6.9,D,R,O,VT,50001.0
950,950,Vermont,Bennington,Gore,Bush,Nader,9021,7284,1112.0,51.0,41.2,6.3,D,R,O,VT,50003.0
951,951,Vermont,Caledonia,Bush,Gore,Nader,6746,5859,771.0,49.5,43.0,5.7,R,D,O,VT,50005.0
952,952,Vermont,Chittenden,Gore,Bush,Nader,39156,26105,5769.0,54.4,36.2,8.0,D,R,O,VT,50007.0
953,953,Vermont,Essex,Bush,Gore,Nader,1564,1129,133.0,54.1,39.0,4.6,R,D,O,VT,50009.0
954,954,Vermont,Franklin,Gore,Bush,Nader,9514,8395,823.0,49.6,43.7,4.3,D,R,O,VT,50011.0
955,955,Vermont,Grand Isle,Gore,Bush,Nader,1835,1550,174.0,50.4,42.6,4.8,D,R,O,VT,50013.0
956,956,Vermont,Lamoille,Gore,Bush,Nader,5676,4456,878.0,50.5,39.6,7.8,D,R,O,VT,50015.0
957,957,Vermont,Orange,Bush,Gore,Nader,6858,6694,888.0,46.7,45.6,6.0,R,D,O,VT,50017.0
958,958,Vermont,Orleans,Bush,Gore,Nader,5799,5472,564.0,47.8,45.1,4.6,R,D,O,VT,50019.0
959,959,Vermont,Rutland,Gore,Bush,Nader,13990,13546,1355.0,47.6,46.1,4.6,D,R,O,VT,50021.0
960,960,Vermont,Washington,Gore,Bush,Nader,15281,11448,2433.0,51.4,38.5,8.2,D,R,O,VT,50023.0
961,961,Vermont,Windham,Gore,Bush,Nader,11319,7358,2475.0,52.7,34.2,11.5,D,R,O,VT,50025.0
962,962,Vermont,Windsor,Gore,Bush,Nader,15140,11713,1792.0,51.9,40.2,6.1,D,R,O,VT,50027.0
963,963,Virginia,Accomack,Bush,Gore,Nader,6352,5092,220.0,53.27,42.7,1.84,R,D,O,VA,51001.0
964,964,Virginia,Albemarle,Bush,Gore,Nader,18921,16255,2043.0,49.64,44.12,5.54,R,D,O,VA,51003.0
965,965,Virginia,Alleghany,Bush,Gore,Nader,2808,2214,62.0,54.81,43.22,1.21,R,D,O,VA,51005.0
966,966,Virginia,Amelia,Bush,Gore,Nader,2947,1754,40.0,61.55,36.63,0.84,R,D,O,VA,51007.0
967,967,Virginia,Amherst,Bush,Gore,Nader,6660,4812,135.0,56.86,41.09,1.15,R,D,O,VA,51009.0
968,968,Virginia,Appomattox,Bush,Gore,Nader,3654,2132,62.0,61.65,35.97,1.05,R,D,O,VA,51011.0
969,969,Virginia,Arlington,Gore,Bush,Nader,50260,28555,3952.0,60.15,34.17,4.73,D,R,O,VA,51013.0
970,970,Virginia,Augusta,Bush,Gore,Nader,17744,6643,527.0,70.21,26.29,2.09,R,D,O,VA,51015.0
971,971,Virginia,Bath,Bush,Gore,Nader,1311,822,35.0,59.32,37.19,1.58,R,D,O,VA,51017.0
972,972,Virginia,Bedford,Bush,Gore,Nader,17224,8160,376.0,65.87,31.21,1.44,R,D,O,VA,51019.0
973,972,Virginia,Bedford,Bush,Gore,Nader,17224,8160,376.0,65.87,31.21,1.44,R,D,O,VA,51515.0
974,973,Virginia,Bland,Bush,Gore,Nader,1759,851,42.0,65.44,31.66,1.56,R,D,O,VA,51021.0
975,974,Virginia,Botetourt,Bush,Gore,Nader,8867,4627,207.0,64.07,33.43,1.5,R,D,O,VA,51023.0
976,975,Virginia,Brunswick,Gore,Bush,Nader,3387,2561,28.0,56.48,42.7,0.47,D,R,O,VA,51025.0
977,976,Virginia,Buchanan,Gore,Bush,Nader,5745,3867,132.0,58.29,39.23,1.34,D,R,O,VA,51027.0
978,977,Virginia,Buckingham,Bush,Gore,Nader,2738,2561,96.0,50.2,46.96,1.76,R,D,O,VA,51029.0
979,978,Virginia,Campbell,Bush,Gore,Nader,13162,6659,236.0,64.75,32.76,1.16,R,D,O,VA,51031.0
980,979,Virginia,Caroline,Gore,Bush,Nader,4314,3873,102.0,53.27,42.7,1.22,D,R,O,VA,51033.0
981,980,Virginia,Carroll,Bush,Gore,Nader,7142,3638,126.0,64.92,33.07,1.15,R,D,O,VA,51035.0
982,981,Virginia,Charles City,Gore,Bush,Nader,1981,1023,31.0,64.61,33.37,1.01,D,R,O,VA,51036.0
983,982,Virginia,Charlotte,Bush,Gore,Nader,2855,2017,43.0,57.17,40.39,0.86,R,D,O,VA,51037.0
984,983,Virginia,Chesterfield,Bush,Gore,Nader,69924,38638,1646.0,63.02,34.82,1.48,R,D,O,VA,51041.0
985,984,Virginia,Clarke,Bush,Gore,Nader,2883,2166,195.0,54.56,40.99,3.69,R,D,O,VA,51043.0
986,985,Virginia,Craig,Bush,Gore,Nader,1580,851,39.0,63.38,34.14,1.56,R,D,O,VA,51045.0
987,986,Virginia,Culpeper,Bush,Gore,Nader,7440,4364,253.0,60.76,35.64,2.07,R,D,O,VA,51047.0
988,987,Virginia,Cumberland,Bush,Gore,Nader,1974,1405,35.0,59.32,37.19,1.0,R,D,O,VA,51049.0
989,988,Virginia,Dickenson,Gore,Bush,Nader,3951,3122,85.0,54.68,43.21,1.18,D,R,O,VA,51051.0
990,989,Virginia,Dinwiddie,Bush,Gore,Nader,4959,4001,74.0,54.28,43.79,0.81,R,D,O,VA,51053.0
991,990,Virginia,Essex,Bush,Gore,Nader,1995,1750,59.0,52.08,45.68,1.54,R,D,O,VA,51057.0
992,991,Virginia,Fairfax,Bush,Gore,Nader,202181,196501,12201.0,48.86,47.49,2.95,R,D,O,VA,51059.0
993,991,Virginia,Fairfax,Bush,Gore,Nader,202181,196501,12201.0,48.86,47.49,2.95,R,D,O,VA,51600.0
994,992,Virginia,Fauquier,Bush,Gore,Nader,14456,8296,570.0,61.56,35.33,2.43,R,D,O,VA,51061.0
995,993,Virginia,Floyd,Bush,Gore,Nader,3423,1957,244.0,59.64,34.1,1.16,R,D,O,VA,51063.0
996,994,Virginia,Fluvanna,Bush,Gore,Nader,4962,3431,252.0,57.0,39.41,2.89,R,D,O,VA,51065.0
997,995,Virginia,Franklin,Bush,Gore,Nader,11225,7145,303.0,59.62,37.95,1.61,R,D,O,VA,51067.0
998,995,Virginia,Franklin,Bush,Gore,Nader,11225,7145,303.0,59.62,37.95,1.61,R,D,O,VA,51620.0
999,996,Virginia,Frederick,Bush,Gore,Nader,14574,7158,483.0,65.09,31.97,2.16,R,D,O,VA,51069.0
1000,997,Virginia,Giles,Bush,Gore,Nader,3574,3004,137.0,52.4,44.05,2.01,R,D,O,VA,51071.0
1001,998,Virginia,Gloucester,Bush,Gore,Nader,8718,4553,225.0,63.64,33.24,1.64,R,D,O,VA,51073.0
1002,999,Virginia,Goochland,Bush,Gore,Nader,3654,3197,139.0,61.65,36.42,1.58,R,D,O,VA,51075.0
1003,1000,Virginia,Grayson,Bush,Gore,Nader,4236,2467,102.0,61.82,36.0,1.49,R,D,O,VA,51077.0
1004,1001,Virginia,Greene,Bush,Gore,Nader,3375,1774,194.0,62.36,32.78,3.58,R,D,O,VA,51079.0
1005,1002,Virginia,Greensville,Gore,Bush,Nader,2314,1565,13.0,59.24,40.07,0.33,D,R,O,VA,51081.0
1006,1003,Virginia,Halifax,Bush,Gore,Nader,7732,5963,110.0,54.95,42.37,0.78,R,D,O,VA,51083.0
1007,1004,Virginia,Hanover,Bush,Gore,Nader,28614,12044,711.0,68.81,28.96,1.71,R,D,O,VA,51085.0
1008,1005,Virginia,Henrico,Bush,Gore,Nader,62887,48645,1893.0,55.04,42.58,1.66,R,D,O,VA,51087.0
1009,1006,Virginia,Henry,Bush,Gore,Nader,11870,8898,234.0,55.3,41.46,1.09,R,D,O,VA,51089.0
1010,1007,Virginia,Highland,Bush,Gore,Nader,942,453,32.0,65.55,31.52,2.23,R,D,O,VA,51091.0
1011,1008,Virginia,Isle of Wight,Bush,Gore,Nader,7587,5162,123.0,58.59,39.86,0.95,R,D,O,VA,51093.0
1012,1009,Virginia,James City,Bush,Gore,Nader,14628,9090,639.0,59.73,37.11,2.61,R,D,O,VA,51095.0
1013,1010,Virginia,King and Queen,Bush,Gore,Nader,1423,1387,33.0,49.77,48.51,1.15,R,D,O,VA,51097.0
1014,1011,Virginia,King George,Bush,Gore,Nader,3590,2070,132.0,61.35,35.37,2.26,R,D,O,VA,51099.0
1015,1012,Virginia,King William,Bush,Gore,Nader,3547,2125,74.0,61.48,36.83,1.28,R,D,O,VA,51101.0
1016,1013,Virginia,Lancaster,Bush,Gore,Nader,3411,1937,88.0,62.53,35.51,1.61,R,D,O,VA,51103.0
1017,1014,Virginia,Lee,Bush,Gore,Nader,4551,4031,79.0,52.02,46.08,0.9,R,D,O,VA,51105.0
1018,1015,Virginia,Loudoun,Bush,Gore,Nader,42453,30938,1665.0,56.12,40.89,2.2,R,D,O,VA,51107.0
1019,1016,Virginia,Louisa,Bush,Gore,Nader,5461,4309,220.0,54.09,42.68,2.22,R,D,O,VA,51109.0
1020,1017,Virginia,Lunenburg,Bush,Gore,Nader,2510,2026,33.0,54.67,44.13,0.72,R,D,O,VA,51111.0
1021,1018,Virginia,Madison,Bush,Gore,Nader,2940,1844,148.0,58.48,36.68,2.94,R,D,O,VA,51113.0
1022,1019,Virginia,Mathews,Bush,Gore,Nader,2951,1499,88.0,64.02,32.52,1.91,R,D,O,VA,51115.0
1023,1020,Virginia,Mecklenburg,Gore,Bush,Nader,4797,666,104.0,41.16,56.63,0.89,D,R,O,VA,51117.0
1024,1021,Virginia,Middlesex,Bush,Gore,Nader,2844,1671,84.0,60.65,35.64,1.79,R,D,O,VA,51119.0
1025,1022,Virginia,Montgomery,Bush,Gore,Nader,13991,11720,1222.0,51.51,43.15,4.5,R,D,O,VA,51121.0
1026,1023,Virginia,Nelson,Bush,Gore,Nader,2913,2907,273.0,47.4,47.31,4.44,R,D,O,VA,51125.0
1027,1024,Virginia,New Kent,Bush,Gore,Nader,3934,2055,81.0,64.34,33.61,1.32,R,D,O,VA,51127.0
1028,1025,Virginia,Northampton,Gore,Bush,Nader,2340,2299,108.0,47.83,47.0,2.21,D,R,O,VA,51131.0
1029,1026,Virginia,Amelia,Bush,Gore,Nader,3362,2118,98.0,59.98,37.79,1.73,R,D,O,VA,51007.0
1030,1027,Virginia,Nottoway,Bush,Gore,Nader,2870,2460,46.0,52.26,44.79,0.84,R,D,O,VA,51135.0
1031,1028,Virginia,Page,Bush,Gore,Nader,5089,2726,143.0,57.15,39.36,1.79,R,D,O,VA,51139.0
1032,1029,Virginia,Patrick,Bush,Gore,Nader,4901,2254,101.0,66.36,30.52,1.37,R,D,O,VA,51141.0
1033,1030,Virginia,Pittsylvania,Bush,Gore,Nader,4901,2254,101.0,66.36,30.52,1.37,R,D,O,VA,51143.0
1034,1031,Virginia,Powhatan,Bush,Gore,Nader,6820,2708,122.0,70.23,27.89,1.26,R,D,O,VA,51145.0
1035,1032,Virginia,Prince Edward,Bush,Gore,Nader,3214,2922,115.0,50.51,45.92,1.81,R,D,O,VA,51147.0
1036,1033,Virginia,Prince George,Bush,Gore,Nader,6579,4182,97.0,60.36,38.37,0.89,R,D,O,VA,51149.0
1037,1034,Virginia,Prince William,Bush,Gore,Nader,52788,44745,1927.0,52.52,44.52,1.92,R,D,O,VA,51153.0
1038,1035,Virginia,Pulaski,Bush,Gore,Nader,7089,5255,207.0,55.83,41.39,1.63,R,D,O,VA,51155.0
1039,1036,Virginia,Rappahannock,Bush,Gore,Nader,1850,1462,161.0,52.66,41.62,4.58,R,D,O,VA,51157.0
1040,1037,Virginia,Richmond,Bush,Gore,Nader,1784,1076,44.0,60.5,36.49,1.49,R,D,O,VA,51159.0
1041,1037,Virginia,Richmond,Bush,Gore,Nader,1784,1076,44.0,60.5,36.49,1.49,R,D,O,VA,51760.0
1042,1038,Virginia,Roanoke,Bush,Gore,Nader,25740,16141,681.0,60.12,37.7,1.59,R,D,O,VA,51161.0
1043,1038,Virginia,Roanoke,Bush,Gore,Nader,25740,16141,681.0,60.12,37.7,1.59,R,D,O,VA,51770.0
1044,1039,Virginia,Rockbridge,Bush,Gore,Nader,4522,2953,248.0,57.77,37.73,3.17,R,D,O,VA,51163.0
1045,1040,Virginia,Rockingham,Bush,Gore,Nader,17482,5834,539.0,72.86,24.31,2.25,R,D,O,VA,51165.0
1046,1041,Virginia,Russell,Gore,Bush,Nader,5442,5065,102.0,50.43,46.93,0.95,D,R,O,VA,51167.0
1047,1042,Virginia,Scott,Bush,Gore,Nader,5535,3552,85.0,59.29,38.05,0.91,R,D,O,VA,51169.0
1048,1043,Virginia,Shenandoah,Bush,Gore,Nader,9636,4420,294.0,66.68,30.58,2.03,R,D,O,VA,51171.0
1049,1044,Virginia,Smyth,Bush,Gore,Nader,6580,4836,131.0,56.05,41.19,1.12,R,D,O,VA,51173.0
1050,1045,Virginia,Southampton,Gore,Bush,Nader,3359,3293,44.0,50.03,49.05,0.66,D,R,O,VA,51175.0
1051,1046,Virginia,Spotsylvania,Bush,Gore,Nader,20739,13455,586.0,59.22,38.42,1.67,R,D,O,VA,51177.0
1052,1047,Virginia,Stafford,Bush,Gore,Nader,20731,12596,657.0,60.54,36.78,1.92,R,D,O,VA,51179.0
1053,1048,Virginia,Surry,Gore,Bush,Nader,1845,1313,29.0,57.12,40.65,0.9,D,R,O,VA,51181.0
1054,1049,Virginia,Sussex,Gore,Bush,Nader,2006,1745,41.0,51.36,44.67,1.05,D,R,O,VA,51183.0
1055,1050,Virginia,Tazewell,Bush,Gore,Nader,8655,7227,162.0,52.96,44.22,0.99,R,D,O,VA,51185.0
1056,1051,Virginia,Warren,Bush,Gore,Nader,6335,4323,260.0,56.73,38.63,2.33,R,D,O,VA,51187.0
1057,1052,Virginia,Washington,Bush,Gore,Nader,12064,7549,288.0,59.66,37.33,1.42,R,D,O,VA,51191.0
1058,1053,Virginia,Waynesboro,Bush,Gore,Nader,4084,2737,233.0,57.5,38.54,3.28,R,D,O,VA,51820.0
1059,1054,Virginia,Westmoreland,Bush,Gore,Nader,2932,2922,88.0,48.66,48.49,1.46,R,D,O,VA,51193.0
1060,1055,Virginia,Wise,Bush,Gore,Nader,6504,6412,160.0,48.87,48.17,1.2,R,D,O,VA,51195.0
1061,1056,Virginia,Wythe,Bush,Gore,Nader,6539,3462,132.0,63.95,33.86,1.29,R,D,O,VA,51197.0
1062,1057,Virginia,York,Bush,Gore,Nader,15312,8622,480.0,62.29,35.07,1.95,R,D,O,VA,51199.0
1063,1058,Washington,Adams,Bush,Gore,Other,3440,1406,128.0,69.16,28.27,2.57,R,D,O,WA,53001.0
1064,1059,Washington,Asotin,Bush,Gore,Other,4909,2736,340.0,61.48,34.26,4.26,R,D,O,WA,53003.0
1065,1060,Washington,Benton,Bush,Gore,Other,38367,19512,1900.0,64.18,32.64,3.18,R,D,O,WA,53005.0
1066,1061,Washington,Chelan,Bush,Gore,Other,16980,8412,1125.0,64.03,31.72,4.24,R,D,O,WA,53007.0
1067,1062,Washington,Clallam,Bush,Gore,Other,16251,13779,2202.0,50.42,42.75,6.83,R,D,O,WA,53009.0
1068,1063,Washington,Clark,Bush,Gore,Other,67219,61767,6558.0,49.59,45.57,4.84,R,D,O,WA,53011.0
1069,1064,Washington,Columbia,Bush,Gore,Other,1523,515,69.0,72.28,24.44,3.27,R,D,O,WA,53013.0
1070,1065,Washington,Cowlitz,Gore,Bush,Other,18233,16873,1856.0,49.33,45.65,5.02,D,R,O,WA,53015.0
1071,1066,Washington,Douglas,Bush,Gore,Other,8512,3822,521.0,66.22,29.73,4.05,R,D,O,WA,53017.0
1072,1067,Washington,Ferry,Bush,Gore,Other,1896,932,210.0,62.41,30.68,6.91,R,D,O,WA,53019.0
1073,1068,Washington,Franklin,Bush,Gore,Other,8594,4653,367.0,63.13,34.18,2.7,R,D,O,WA,53021.0
1074,1069,Washington,Garfield,Bush,Gore,Other,982,300,47.0,73.89,22.57,3.54,R,D,O,WA,53023.0
1075,1070,Washington,Grant,Bush,Gore,Other,15830,7073,895.0,66.52,29.72,3.76,R,D,O,WA,53025.0
1076,1071,Washington,Grays Harbor,Gore,Bush,Other,13304,11225,1443.0,51.22,43.22,5.56,D,R,O,WA,53027.0
1077,1072,Washington,Island,Bush,Gore,Other,16408,14778,1818.0,49.72,44.78,5.51,R,D,O,WA,53029.0
1078,1073,Washington,Jefferson,Gore,Bush,Other,8281,6095,1457.0,52.3,38.5,9.2,D,R,O,WA,53031.0
1079,1074,Washington,King,Gore,Bush,Other,476700,273171,44325.0,60.02,34.4,5.58,D,R,O,WA,53033.0
1080,1075,Washington,Kitsap,Gore,Bush,Other,50302,46427,5867.0,49.03,45.25,5.72,D,R,O,WA,53035.0
1081,1076,Washington,Kittitas,Bush,Gore,Other,7727,5516,843.0,54.86,39.16,5.98,R,D,O,WA,53037.0
1082,1077,Washington,Klickitat,Bush,Gore,Other,4557,3062,540.0,55.85,37.53,6.62,R,D,O,WA,53039.0
1083,1078,Washington,Lewis,Bush,Gore,Other,18565,9891,1530.0,61.91,32.99,5.1,R,D,O,WA,53041.0
1084,1079,Washington,Lincoln,Bush,Gore,Other,3546,1417,234.0,68.23,27.27,4.5,R,D,O,WA,53043.0
1085,1080,Washington,Mason,Gore,Bush,Other,10876,10257,1347.0,48.38,45.63,5.99,D,R,O,WA,53045.0
1086,1081,Washington,Okanogan,Bush,Gore,Other,9384,4335,1079.0,63.41,29.29,7.29,R,D,O,WA,53047.0
1087,1082,Washington,Pacific,Gore,Bush,Other,4895,4042,582.0,51.42,42.46,6.11,D,R,O,WA,53049.0
1088,1083,Washington,Pend Oreille,Bush,Gore,Other,3076,1973,389.0,56.56,36.28,7.15,R,D,O,WA,53051.0
1089,1084,Washington,Pierce,Gore,Bush,Other,138249,118431,11747.0,51.5,44.12,4.38,D,R,O,WA,53053.0
1090,1085,Washington,San Juan,Gore,Bush,Other,4426,3005,976.0,52.65,35.74,11.61,D,R,O,WA,53055.0
1091,1086,Washington,Skagit,Bush,Gore,Other,22163,20432,2626.0,49.01,45.18,5.81,R,D,O,WA,53057.0
1092,1087,Washington,Skamania,Bush,Gore,Other,2151,1753,345.0,50.62,41.26,8.12,R,D,O,WA,53059.0
1093,1088,Washington,Snohomish,Gore,Bush,Other,129612,109615,11740.0,51.65,43.68,4.68,D,R,O,WA,53061.0
1094,1089,Washington,Spokane,Bush,Gore,Other,89299,74604,8209.0,51.88,43.35,4.77,R,D,O,WA,53063.0
1095,1090,Washington,Stevens,Bush,Gore,Other,11299,5560,1140.0,62.78,30.89,6.33,R,D,O,WA,53065.0
1096,1091,Washington,Thurston,Gore,Bush,Other,50467,39924,7031.0,51.8,40.98,7.22,D,R,O,WA,53067.0
1097,1092,Washington,Wahkiakum,Bush,Gore,Other,1033,803,137.0,52.36,40.7,6.94,R,D,O,WA,53069.0
1098,1093,Washington,Walla Walla,Bush,Gore,Other,13304,7188,873.0,62.27,33.64,4.09,R,D,O,WA,53071.0
1099,1094,Washington,Whatcom,Bush,Gore,Other,34287,34033,5437.0,46.49,46.14,7.37,R,D,O,WA,53073.0
1100,1095,Washington,Whitman,Bush,Gore,Other,9003,6509,725.0,55.45,40.09,4.47,R,D,O,WA,53075.0
1101,1096,Washington,Yakima,Bush,Gore,Other,39494,25546,2259.0,58.68,37.96,3.36,R,D,O,WA,53077.0
